key,korean,english,context,files
actions,Actions,,JSX text content in pages/admin/AdminDashboard.tsx,pages/admin/AdminDashboard.tsx; pages/admin/AgentsDashboard.tsx
active,Active,,JSX text content in components/StatusBadge.tsx,components/StatusBadge.tsx; pages/admin/AdminSessionDetails.tsx
admin_agents,/admin/agents/,,Template literal head in pages/admin/AgentsDashboard.tsx,pages/admin/AgentsDashboard.tsx; services/api.ts
admin_portal,Admin Portal,,JSX text content in pages/auth/Login.tsx,pages/auth/Login.tsx
admin_sessions,/admin/sessions/,,Template literal head in pages/admin/AdminDashboard.tsx,pages/admin/AdminDashboard.tsx; services/api.ts
agent,Agent:,,Template literal head in pages/admin/AdminDashboard.tsx,pages/admin/AdminDashboard.tsx; pages/admin/CreateAgent.tsx; pages/admin/EditAgent.tsx
agent_instructions,Agent Instructions,,JSX text content in pages/admin/CreateAgent.tsx,pages/admin/CreateAgent.tsx; pages/admin/EditAgent.tsx
ai_kr_a5b9ef21,AI ë¶„ì„,,JSX text content in components/AIAnalysisReport.tsx,components/AIAnalysisReport.tsx; components/MeetingLogView.tsx
aikr_30dd76ba,AIë¶„ì„ë¦¬í¬íŠ¸_,,Template literal head in components/AIAnalysisReport.tsx,components/AIAnalysisReport.tsx
amazon_web_services,Amazon Web Services,,String literal in components/TopNavigation.tsx,components/TopNavigation.tsx
analysis_status,/analysis-status,,Template literal span in services/api.ts,services/api.ts
analyze,/analyze,,Template literal span in services/api.ts,services/api.ts
assistant,Assistant,,String literal in pages/admin/AdminSessionDetails.tsx,pages/admin/AdminSessionDetails.tsx
assistant_at,Assistant at,,Template literal head in components/ChatMessage.tsx,components/ChatMessage.tsx; components/StreamingChatMessage.tsx
auth_confirm,/auth/confirm,,Template literal span in services/auth.ts,services/auth.ts
auth_signin,/auth/signin,,Template literal span in services/auth.ts,services/auth.ts
auth_signup,/auth/signup,,Template literal span in services/auth.ts,services/auth.ts
auth_verify,/auth/verify,,Template literal span in services/auth.ts,services/auth.ts
authority_kr_6fa99108,Authority (ê¶Œí•œ),,JSX text content in components/AIAnalysisReport.tsx,components/AIAnalysisReport.tsx; components/MeetingLogView.tsx
aws_kr_5bc8dd11_kr_d8ab5eae_kr_5a601c73__64d75459,AWS í´ë¼ìš°ë“œ ì„œë¹„ìŠ¤ ì‹ ê·œ ë„ì…ì„ ê²€í† í•˜ê³  ê³„ì‹ ê°€ìš”?,,String literal in components/ConsultationPurposeSelector.tsx,components/ConsultationPurposeSelector.tsx
aws_kr_726f4aa2_ai_kr_e70dbdb8_kr_93c19b_51e5ce8e,AWS ë§Œë‚¨ì „ì— AI ì—ì´ì „íŠ¸ì™€ ëŒ€í™”í•˜ì—¬ ë…¼ì˜ ì£¼ì œì™€ ê¸°ëŒ€ì‚¬í•­ì„ ê³µìœ í•´ ì£¼ì„¸ìš”.,,JSX text content in components/Layout.tsx,components/Layout.tsx
aws_kr_de7dab89_kr_da34d558_kr_9bbd9ee4__f78bba23,AWS ì‚¬ìš© ë¹„ìš©ì„ ìµœì í™”í•˜ê³  íš¨ìœ¨ì„±ì„ ë†’ì´ê³  ì‹¶ìœ¼ì‹ ê°€ìš”?,,String literal in components/ConsultationPurposeSelector.tsx,components/ConsultationPurposeSelector.tsx
aws_kr_f06f9fdb_kr_d1d9e26c_kr_7c80c7cc__3e64ae26,AWS íŒŒíŠ¸ë„ˆ í”„ë¡œê·¸ë¨ì´ë‚˜ íŒŒíŠ¸ë„ˆì‚¬ì™€ì˜ í˜‘ì—…ì„ ë¬¸ì˜í•˜ì‹œë‚˜ìš”?,,String literal in components/ConsultationPurposeSelector.tsx,components/ConsultationPurposeSelector.tsx
aws_prechat,AWS PreChat,,JSX text content in components/PageHeader.tsx,components/PageHeader.tsx
aws_prechat_is_a_conversational_ai_web_s_b44a6d96,"AWS PreChat is a conversational AI web system designed to streamline the pre-meeting preparation process between AWS sales teams and customers. The system replaces traditional Excel-based forms with an intuitive chatbot interface that guides customers through a structured conversation to collect business requirements, technical constraints, and project timelines. The collected information is then processed and presented to AWS sales representatives and engineers in an organized, actionable format.",,JSX text content in components/PageHeader.tsx,components/PageHeader.tsx
aws_prechat_kr_d8ab5eae_kr_e10691a8_kr_3_45e21b15,AWS PreChat ì„œë¹„ìŠ¤ ì´ìš©ê³¼ ê´€ë ¨ëœ ê°œì¸ì •ë³´ ì²˜ë¦¬ë°©ì¹¨ ë° ì„œë¹„ìŠ¤ ì´ìš©ì•½ê´€ì…ë‹ˆë‹¤.,,JSX text content in components/PrivacyTermsModal.tsx,components/PrivacyTermsModal.tsx
awsprechat,AWSPreChat_,,Template literal head in utils/csvExport.ts,utils/csvExport.ts
back_to_sign_up,Back to Sign Up,,JSX text content in pages/auth/Login.tsx,pages/auth/Login.tsx
bant_kr_a5b9ef21,BANT ë¶„ì„,,JSX text content in components/AIAnalysisReport.tsx,components/AIAnalysisReport.tsx; components/MeetingLogView.tsx
bant_kr_a5b9ef21_kr_7d4f0769_kr_abe6053f_d35efffa,BANT ë¶„ì„ ê²°ê³¼ê°€ ìƒì„±ë˜ì§€ ì•Šì•˜ìŠµë‹ˆë‹¤.,,JSX text content in components/AIAnalysisReport.tsx,components/AIAnalysisReport.tsx; components/MeetingLogView.tsx
bearer,Bearer,,Template literal head in services/api.ts,services/api.ts; services/auth.ts
bedrock_quota_kr_c0c6e706_kr_74dfbe7a_kr_159a7b8b,Bedrock Quota ê°€ í•œì •ëœ í™˜ê²½ì´ë¯€ë¡œ ì–´ì‹œìŠ¤í„´ìŠ¤ ì‘ë‹µì— ìŠ¤ë¡œí‹€ë§ì´ ë°œìƒí•  ìˆ˜ ìˆìŠµë‹ˆë‹¤.,,JSX text content in components/BedrockQuotaNotification.tsx,components/BedrockQuotaNotification.tsx
budget_kr_64f637c1,Budget (ì˜ˆì‚°),,JSX text content in components/AIAnalysisReport.tsx,components/AIAnalysisReport.tsx; components/MeetingLogView.tsx
chat_session,/chat/session/,,Template literal head in services/api.ts,services/api.ts
company,Company,,JSX text content in pages/admin/AdminSessionDetails.tsx,pages/admin/AdminSessionDetails.tsx
completed,Completed,,JSX text content in components/StatusBadge.tsx,components/StatusBadge.tsx; pages/admin/AdminSessionDetails.tsx
confirm_email,Confirm Email,,String literal in pages/auth/Login.tsx,pages/auth/Login.tsx
confirmation_code,Confirmation Code,,JSX attribute: label in pages/auth/Login.tsx,pages/auth/Login.tsx
consultation_complete_your_aws_sales_rep_d7d32746,"ğŸ¯ **Consultation Complete!**

Your AWS sales representative will contact you:

ğŸ‘¤ **",,Template literal head in hooks/useChat.ts,hooks/useChat.ts
consultationpurposes,ConsultationPurposes_,,Template literal head in utils/sessionStorage.ts,utils/sessionStorage.ts
conversation,Conversation,,String literal in pages/admin/AdminSessionDetails.tsx,pages/admin/AdminSessionDetails.tsx
copy,Copy,,String literal in components/ChatMessage.tsx,components/ChatMessage.tsx; components/StreamingChatMessage.tsx
copy_pin,Copy PIN,,JSX text content in pages/admin/CreateSession.tsx,pages/admin/CreateSession.tsx
copy_url,Copy URL,,JSX text content in pages/admin/CreateSession.tsx,pages/admin/CreateSession.tsx
copyright_c_2025_aws_prechat,Copyright (c) 2025 AWS PreChat,,JSX text content in components/Layout.tsx,components/Layout.tsx
create_a_password,Create a password,,JSX attribute: placeholder in pages/auth/Login.tsx,pages/auth/Login.tsx
create_account,Create Account,,JSX text content in pages/auth/Login.tsx,pages/auth/Login.tsx
created,Created,,JSX text content in pages/admin/AdminSessionDetails.tsx,pages/admin/AdminSessionDetails.tsx
created_successfully,""" created successfully!",,Template literal span in pages/admin/CreateAgent.tsx,pages/admin/CreateAgent.tsx
creating,Creating,,JSX text content in components/StatusBadge.tsx,components/StatusBadge.tsx; pages/admin/AgentsDashboard.tsx
csrf,csrf_,,Template literal head in services/api.ts,services/api.ts; utils/sessionStorage.ts
csv_kr_7db3efd9_kr_4fe08141_kr_2db01e42,CSV íŒŒì¼ì´ ìë™ìœ¼ë¡œ ë‹¤ìš´ë¡œë“œë˜ì—ˆìŠµë‹ˆë‹¤.,,JSX text content in pages/admin/CreateSession.tsx,pages/admin/CreateSession.tsx
csv_kr_d160f681_kr_612ca27b,CSV íŒŒì¼ ë‹¤ìš´ë¡œë“œ:,,JSX text content in pages/admin/CreateSession.tsx,pages/admin/CreateSession.tsx
current_user_email,Current user email,,String literal in pages/admin/CreateSession.tsx,pages/admin/CreateSession.tsx
customer,/customer/,,Template literal span in pages/admin/AdminDashboard.tsx,pages/admin/AdminDashboard.tsx; pages/admin/AdminSessionDetails.tsx; pages/admin/CreateSession.tsx
customer_company,Customer Company,,JSX attribute: label in pages/admin/CreateSession.tsx,pages/admin/CreateSession.tsx
customer_email,Customer Email,,JSX attribute: label in pages/admin/CreateSession.tsx,pages/admin/CreateSession.tsx
customer_name,Customer Name,,JSX attribute: label in pages/admin/CreateSession.tsx,pages/admin/CreateSession.tsx
customer_title,Customer Title,,JSX attribute: label in pages/admin/CreateSession.tsx,pages/admin/CreateSession.tsx
delete,Delete,,String literal in pages/admin/AdminDashboard.tsx,pages/admin/AdminDashboard.tsx
deleting,Deleting,,JSX text content in components/StatusBadge.tsx,components/StatusBadge.tsx; pages/admin/AgentsDashboard.tsx
details,/details,,Template literal span in services/api.ts,services/api.ts
discussion,Discussion,,JSX text content in components/DiscussionTab.tsx,components/DiscussionTab.tsx; pages/admin/AdminSessionDetails.tsx
discussions,/discussions,,Template literal span in services/api.ts,services/api.ts
div,</div>,,Template literal span in utils/htmlExport.ts,utils/htmlExport.ts
div_aws_services_div_class_section_h2_cl_34c15737,"</div>
            
            <!-- AWS Services -->
            <div class=""section"">
                <h2 class=""section-title"">ì¶”ì²œ AWS ì„œë¹„ìŠ¤</h2>",,Template literal span in utils/htmlExport.ts,utils/htmlExport.ts
div_aws_services_div_class_section_h2_cl_7c44f7bc,"</div>
                    
                    <!-- AWS Services -->
                    <div class=""section"">
                        <h2 class=""section-title"">ì¶”ì²œ AWS ì„œë¹„ìŠ¤</h2>",,Template literal span in utils/htmlExport.ts,utils/htmlExport.ts
div_bant_analysis_div_class_section_h2_c_66ba0c8c,"</div>
                    
                    <!-- BANT Analysis -->
                    <div class=""section"">
                        <h2 class=""section-title"">BANT ë¶„ì„</h2>",,Template literal span in utils/htmlExport.ts,utils/htmlExport.ts
div_bant_analysis_div_class_section_h2_c_c4fac5e8,"</div>
            
            <!-- BANT Analysis -->
            <div class=""section"">
                <h2 class=""section-title"">BANT ë¶„ì„</h2>",,Template literal span in utils/htmlExport.ts,utils/htmlExport.ts
div_class_bant_grid_div_class_bant_item__117b4077,"<div class=""bant-grid"">
                        <div class=""bant-item"">
                            <div class=""bant-label"">Budget (ì˜ˆì‚°)</div>
                            <div class=""bant-content"">",,Template literal head in utils/htmlExport.ts,utils/htmlExport.ts
div_class_bant_grid_div_class_bant_item__870189f6,"<div class=""bant-grid"">
                                <div class=""bant-item"">
                                    <div class=""bant-label"">Budget (ì˜ˆì‚°)</div>
                                    <div class=""bant-content"">",,Template literal head in utils/htmlExport.ts,utils/htmlExport.ts
div_class_case_card_div_class_case_title,"<div class=""case-card"">
                                <div class=""case-title"">",,Template literal head in utils/htmlExport.ts,utils/htmlExport.ts
div_class_cases_list,"<div class=""cases-list"">",,Template literal head in utils/htmlExport.ts,utils/htmlExport.ts
div_class_markdown_content,"<div class=""markdown-content"">",,Template literal head in utils/htmlExport.ts,utils/htmlExport.ts
div_class_meeting_log_content,"<div class=""meeting-log-content"">",,Template literal head in utils/htmlExport.ts,utils/htmlExport.ts
div_class_service_card_div_class_service_title,"<div class=""service-card"">
                                <div class=""service-title"">",,Template literal head in utils/htmlExport.ts,utils/htmlExport.ts
div_class_services_grid,"<div class=""services-grid"">",,Template literal head in utils/htmlExport.ts,utils/htmlExport.ts
div_customer_cases_div_class_section_h2__280ec117,"</div>
                    
                    <!-- Customer Cases -->
                    <div class=""section"">
                        <h2 class=""section-title"">ê´€ë ¨ ê³ ê° ì‚¬ë¡€</h2>",,Template literal span in utils/htmlExport.ts,utils/htmlExport.ts
div_customer_cases_div_class_section_h2__f9cd9579,"</div>
            
            <!-- Customer Cases -->
            <div class=""section"">
                <h2 class=""section-title"">ê´€ë ¨ ê³ ê° ì‚¬ë¡€</h2>",,Template literal span in utils/htmlExport.ts,utils/htmlExport.ts
div_div_class_case_section_div_class_cas_d1c0c85c,"</div>
                                        <div class=""case-section"">
                                            <div class=""case-section-title"">ì‚¬ë¡€ ì„¤ëª…</div>
                                            <div class=""case-section-content"">",,Template literal span in utils/htmlExport.ts,utils/htmlExport.ts
div_div_class_case_section_div_class_cas_ec4d95e1,"</div>
                                <div class=""case-section"">
                                    <div class=""case-section-title"">ì‚¬ë¡€ ì„¤ëª…</div>
                                    <div class=""case-section-content"">",,Template literal span in utils/htmlExport.ts,utils/htmlExport.ts
div_div_class_footer_item_kr_60c79769_id,"</div>
                <div class=""footer-item"">ì„¸ì…˜ ID:",,Template literal span in utils/htmlExport.ts,utils/htmlExport.ts
div_div_class_footer_item_kr_cb8ebef3_kr_4169bb4f,"</div>
                <div class=""footer-item"">ë¦¬í¬íŠ¸ ìƒì„±:",,Template literal span in utils/htmlExport.ts,utils/htmlExport.ts
div_div_class_footer_item_kr_de7dab89_kr_8ffba872,"</div>
                <div class=""footer-item"">ì‚¬ìš© ëª¨ë¸:",,Template literal span in utils/htmlExport.ts,utils/htmlExport.ts
div_div_class_service_section_div_class__85e5ebe2,"</div>
                                <div class=""service-section"">
                                    <div class=""service-section-title"">ì¶”ì²œ ì´ìœ </div>
                                    <div class=""service-section-content"">",,Template literal span in utils/htmlExport.ts,utils/htmlExport.ts
div_div_class_service_section_div_class__bb64cdd1,"</div>
                                        <div class=""service-section"">
                                            <div class=""service-section-title"">ì¶”ì²œ ì´ìœ </div>
                                            <div class=""service-section-content"">",,Template literal span in utils/htmlExport.ts,utils/htmlExport.ts
div_div_div,"</div>
                        </div>
                    </div>",,Template literal span in utils/htmlExport.ts,utils/htmlExport.ts
div_div_div_class_bant_item_div_class_ba_3ff4652f,"</div>
                        </div>
                        <div class=""bant-item"">
                            <div class=""bant-label"">Timeline (ì¼ì •)</div>
                            <div class=""bant-content"">",,Template literal span in utils/htmlExport.ts,utils/htmlExport.ts
div_div_div_class_bant_item_div_class_ba_46187826,"</div>
                                </div>
                                <div class=""bant-item"">
                                    <div class=""bant-label"">Authority (ê¶Œí•œ)</div>
                                    <div class=""bant-content"">",,Template literal span in utils/htmlExport.ts,utils/htmlExport.ts
div_div_div_class_bant_item_div_class_ba_58aefa48,"</div>
                                </div>
                                <div class=""bant-item"">
                                    <div class=""bant-label"">Timeline (ì¼ì •)</div>
                                    <div class=""bant-content"">",,Template literal span in utils/htmlExport.ts,utils/htmlExport.ts
div_div_div_class_bant_item_div_class_ba_7d1b85e0,"</div>
                        </div>
                        <div class=""bant-item"">
                            <div class=""bant-label"">Authority (ê¶Œí•œ)</div>
                            <div class=""bant-content"">",,Template literal span in utils/htmlExport.ts,utils/htmlExport.ts
div_div_div_class_bant_item_div_class_ba_8077ef4b,"</div>
                        </div>
                        <div class=""bant-item"">
                            <div class=""bant-label"">Need (í•„ìš”ì„±)</div>
                            <div class=""bant-content"">",,Template literal span in utils/htmlExport.ts,utils/htmlExport.ts
div_div_div_class_bant_item_div_class_ba_dd25024c,"</div>
                                </div>
                                <div class=""bant-item"">
                                    <div class=""bant-label"">Need (í•„ìš”ì„±)</div>
                                    <div class=""bant-content"">",,Template literal span in utils/htmlExport.ts,utils/htmlExport.ts
div_div_div_class_case_section_div_class_32cb89d8,"</div>
                                </div>
                                <div class=""case-section"">
                                    <div class=""case-section-title"">ê´€ë ¨ì„±</div>
                                    <div class=""case-section-content"">",,Template literal span in utils/htmlExport.ts,utils/htmlExport.ts
div_div_div_class_case_section_div_class_a157907b,"</div>
                                        </div>
                                        <div class=""case-section"">
                                            <div class=""case-section-title"">ê´€ë ¨ì„±</div>
                                            <div class=""case-section-content"">",,Template literal span in utils/htmlExport.ts,utils/htmlExport.ts
div_div_div_class_footer_div_class_foote_348788ee,"</div>
        </div>
        
        <div class=""footer"">
            <div class=""footer-info"">
                <div class=""footer-item"">ë¶„ì„ ì™„ë£Œ:",,Template literal span in utils/htmlExport.ts,utils/htmlExport.ts
div_div_div_class_info_item_div_class_in_055c6a6b,"</div>
                        </div>
                        <div class=""info-item"">
                            <div class=""info-label"">ì´ë©”ì¼</div>
                            <div class=""info-value"">",,Template literal span in utils/htmlExport.ts,utils/htmlExport.ts
div_div_div_class_info_item_div_class_in_85532f1f,"</div>
                        </div>
                        <div class=""info-item"">
                            <div class=""info-label"">íšŒì‚¬ëª…</div>
                            <div class=""info-value"">",,Template literal span in utils/htmlExport.ts,utils/htmlExport.ts
div_div_div_class_info_item_div_class_in_8c89363f,"</div>
                        </div>
                        <div class=""info-item"">
                            <div class=""info-label"">ë‹´ë‹¹ ì„¸ì¼ì¦ˆ</div>
                            <div class=""info-value"">",,Template literal span in utils/htmlExport.ts,utils/htmlExport.ts
div_div_div_class_service_section_div_cl_57b1daca,"</div>
                                </div>
                                <div class=""service-section"">
                                    <div class=""service-section-title"">êµ¬í˜„ ë°©ì•ˆ</div>
                                    <div class=""service-section-content"">",,Template literal span in utils/htmlExport.ts,utils/htmlExport.ts
div_div_div_class_service_section_div_cl_d42c77e1,"</div>
                                        </div>
                                        <div class=""service-section"">
                                            <div class=""service-section-title"">êµ¬í˜„ ë°©ì•ˆ</div>
                                            <div class=""service-section-content"">",,Template literal span in utils/htmlExport.ts,utils/htmlExport.ts
div_div_div_div_div_class_footer_div_cla_28a0f5a4,"</div>
                </div>
            </div>
        </div>
        
        <div class=""footer"">
            <div class=""footer-info"">
                <div class=""footer-item"">ë¶„ì„ ì™„ë£Œ:",,Template literal span in utils/htmlExport.ts,utils/htmlExport.ts
div_div_div_div_div_summary_report_div_c_743b3835,"</div>
                        </div>
                    </div>
                </div>
            </div>
            
            <!-- Summary Report -->
            <div class=""section"">
                <h2 class=""section-title"">ìš”ì•½ ë³´ê³ ì„œ</h2>",,Template literal span in utils/htmlExport.ts,utils/htmlExport.ts
div_div_div_div_div_two_column_layout_di_97589bcc,"</div>
                        </div>
                    </div>
                </div>
            </div>
            
            <!-- Two Column Layout -->
            <div class=""two-column-layout"">
                <!-- Left Column - AI Analysis -->
                <div class=""left-column"">
                    <!-- Summary Report -->
                    <div class=""section"">
                        <h2 class=""section-title"">ìš”ì•½ ë³´ê³ ì„œ</h2>",,Template literal span in utils/htmlExport.ts,utils/htmlExport.ts
div_div_div_style_margin_top_15px_font_s_0ab45f37,"</div>
            </div>
            <div style=""margin-top: 15px; font-size: 0.8rem; color: #999;"">
                ì´ ë¦¬í¬íŠ¸ëŠ” MTE Pre-consultation Chatbotì—ì„œ ìë™ ìƒì„±ë˜ì—ˆìŠµë‹ˆë‹¤.
            </div>
        </div>
    </div>
</body>
</html>",,Template literal span in utils/htmlExport.ts,utils/htmlExport.ts
div_div_right_column_meeting_log_div_cla_670dcbc0,"</div>
                </div>
                
                <!-- Right Column - Meeting Log -->
                <div class=""right-column"">
                    <div class=""section"">
                        <h2 class=""section-title"">ë¯¸íŒ… ë¡œê·¸</h2>",,Template literal span in utils/htmlExport.ts,utils/htmlExport.ts
doctype_html_html_lang_ko_head_meta_char_544ce20f,"<!DOCTYPE html>
<html lang=""ko"">
<head>
    <meta charset=""UTF-8"">
    <meta name=""viewport"" content=""width=device-width, initial-scale=1.0"">
    <title>ë¯¸íŒ… ë¡œê·¸ ë¦¬í¬íŠ¸ -",,Template literal head in utils/htmlExport.ts,utils/htmlExport.ts
doctype_html_html_lang_ko_head_meta_char_ec220bab,"<!DOCTYPE html>
<html lang=""ko"">
<head>
    <meta charset=""UTF-8"">
    <meta name=""viewport"" content=""width=device-width, initial-scale=1.0"">
    <title>AI ë¶„ì„ ë¦¬í¬íŠ¸ -",,Template literal head in utils/htmlExport.ts,utils/htmlExport.ts
edit,/edit,,Template literal span in pages/admin/AgentsDashboard.tsx,pages/admin/AgentsDashboard.tsx
email,Email,,JSX attribute: label in pages/auth/Login.tsx,pages/auth/Login.tsx
enable_memory,/enable-memory,,Template literal span in services/api.ts,services/api.ts
enter_6_digit_code,Enter 6-digit code,,JSX attribute: placeholder in pages/auth/Login.tsx,pages/auth/Login.tsx
enter_agent_instructions,Enter agent instructions...,,JSX attribute: placeholder in pages/admin/CreateAgent.tsx,pages/admin/CreateAgent.tsx; pages/admin/EditAgent.tsx
enter_agent_name,Enter agent name,,JSX attribute: placeholder in pages/admin/EditAgent.tsx,pages/admin/EditAgent.tsx
enter_customer_company,Enter customer company,,JSX attribute: placeholder in pages/admin/CreateSession.tsx,pages/admin/CreateSession.tsx
enter_customer_email,Enter customer email,,JSX attribute: placeholder in pages/admin/CreateSession.tsx,pages/admin/CreateSession.tsx
enter_customer_name,Enter customer name,,JSX attribute: placeholder in pages/admin/CreateSession.tsx,pages/admin/CreateSession.tsx
enter_customer_title_position,Enter customer title/position,,JSX attribute: placeholder in pages/admin/CreateSession.tsx,pages/admin/CreateSession.tsx
enter_kr_636441b6_kr_6eb5cd03,Enter ì—ì´ì „íŠ¸ ì´ë¦„,,JSX attribute: placeholder in pages/admin/CreateAgent.tsx,pages/admin/CreateAgent.tsx
enter_your_email,Enter your email,,JSX attribute: placeholder in pages/auth/Login.tsx,pages/auth/Login.tsx
enter_your_email_address,Enter your email address,,JSX attribute: placeholder in pages/auth/Login.tsx,pages/auth/Login.tsx
enter_your_full_name,Enter your full name,,JSX attribute: placeholder in pages/auth/Login.tsx,pages/auth/Login.tsx
enter_your_password,Enter your password,,JSX attribute: placeholder in pages/auth/Login.tsx,pages/auth/Login.tsx
enterkr_34310a68_kr_fb237bf4_kr_f235c8d9_9a57447d,"ğŸ’¡ Enterë¡œ ì¤„ë°”ê¿ˆ, ì „ì†¡ ë²„íŠ¼ìœ¼ë¡œ ë©”ì‹œì§€ ì „ì†¡",,JSX text content in components/MultilineChatInput.tsx,components/MultilineChatInput.tsx
error_loading_translations_for,Error loading translations for,,Template literal head in i18n/TranslationManager.ts,i18n/TranslationManager.ts
expired,Expired,,JSX text content in components/StatusBadge.tsx,components/StatusBadge.tsx; pages/admin/AdminSessionDetails.tsx
failed,Failed,,JSX text content in components/StatusBadge.tsx,components/StatusBadge.tsx; pages/admin/AgentsDashboard.tsx
failed_to_load_translations_for,Failed to load translations for,,Template literal head in i18n/TranslationManager.ts,i18n/TranslationManager.ts
feedback,Feedback,,String literal in components/ChatMessage.tsx,components/ChatMessage.tsx; components/StreamingChatMessage.tsx; services/api.ts
files,/files,,Template literal span in services/api.ts,services/api.ts
files_presigned_url,/files/presigned-url/,,Template literal span in services/api.ts,services/api.ts
foundation_model,Foundation Model,,JSX attribute: label in pages/admin/CreateAgent.tsx,pages/admin/CreateAgent.tsx; pages/admin/EditAgent.tsx
full_name,Full Name,,JSX attribute: label in pages/auth/Login.tsx,pages/auth/Login.tsx
helpful,Helpful,,String literal in components/ChatMessage.tsx,components/ChatMessage.tsx; components/StreamingChatMessage.tsx
html_kr_9d0a47e6,HTML ì €ì¥,,JSX text content in components/AIAnalysisReport.tsx,components/AIAnalysisReport.tsx; components/MeetingLogView.tsx
i18n_locales,/i18n/locales/,,Template literal head in i18n/TranslationManager.ts,i18n/TranslationManager.ts
id,ID:,,JSX text content in pages/admin/AgentsDashboard.tsx,pages/admin/AgentsDashboard.tsx; pages/admin/CreateSession.tsx
inactivate,Inactivate,,String literal in pages/admin/AdminDashboard.tsx,pages/admin/AdminDashboard.tsx; services/api.ts
inactive,Inactive,,JSX text content in components/StatusBadge.tsx,components/StatusBadge.tsx
invalid_csv_format_for,Invalid CSV format for,,Template literal head in i18n/TranslationManager.ts,i18n/TranslationManager.ts
ko_kr,ko-KR,,String literal in pages/admin/AdminSessionDetails.tsx,pages/admin/AdminSessionDetails.tsx
kr_0411fb92_kr_247d243a,ëŒ“ê¸€ ì‘ì„±,,JSX text content in components/DiscussionTab.tsx,components/DiscussionTab.tsx
kr_073a6047_kr_612ca27b,ë‹¤ì‹œ ë‹¤ìš´ë¡œë“œ,,JSX text content in pages/admin/CreateSession.tsx,pages/admin/CreateSession.tsx
kr_073a6047_kr_fd131569,ë‹¤ì‹œ ì‹œë„,,JSX text content in components/AIAnalysisReport.tsx,components/AIAnalysisReport.tsx; components/MeetingLogView.tsx
kr_08211ce7_kr_e9f97e51_kr_66d3610e_kr_4_d15515d2,ì§€ëŠ¥í˜• ì±—ë´‡ ì–´ì‹œìŠ¤í„´íŠ¸ë¡œ ë¯¸íŒ… ì‚¬ì „ ì¤€ë¹„ë¥¼ ê°„ì†Œí™”í•´ ë³´ì„¸ìš”.,,JSX text content in components/WelcomeScreen.tsx,components/WelcomeScreen.tsx
kr_0d8c2e3c_memory_kr_5505a75b_kr_469a54_ac75ee73,ì—ì´ì „íŠ¸ì˜ Memory ê¸°ëŠ¥ì„ í™œì„±í™”í•˜ì—¬ ëŒ€í™” ë§¥ë½ì„ ìœ ì§€í•  ìˆ˜ ìˆìŠµë‹ˆë‹¤.,,JSX text content in pages/admin/AgentsDashboard.tsx,pages/admin/AgentsDashboard.tsx
kr_10f18f60_kr_10a1a34d,ê°œì¸ì •ë³´ ì²˜ë¦¬ë°©ì¹¨,,String literal in components/PrivacyTermsModal.tsx,components/PrivacyTermsModal.tsx
kr_10f18f60_kr_10a1a34d_kr_8ccb0fac_kr_d_bece43ab,ê°œì¸ì •ë³´ ì²˜ë¦¬ë°©ì¹¨ ë° ì„œë¹„ìŠ¤ ì´ìš©ì•½ê´€,,JSX text content in components/PrivacyTermsModal.tsx,components/PrivacyTermsModal.tsx; pages/customer/CustomerChat.tsx
kr_10f18f60_kr_38d9ffc3,ê°œì¸ì •ë³´ ë™ì˜,,JSX text content in pages/admin/AdminSessionDetails.tsx,pages/admin/AdminSessionDetails.tsx
kr_119a37e3_kr_ddfb633f_kr_9c6ba43f,ë¹„ìš© ìµœì í™” ìƒë‹´,,String literal in components/ConsultationPurposeSelector.tsx,components/ConsultationPurposeSelector.tsx
kr_132f1ad6_kr_1c73f88a,ìš”êµ¬ì‚¬í•­ ë¬¸ì„œ,,JSX text content in components/FileUpload.tsx,components/FileUpload.tsx
kr_17a7dad1_5kr_17a7dad1,ì  / 5ì ,,JSX text content in components/FeedbackModal.tsx,components/FeedbackModal.tsx
kr_17cc91ec_kr_745270cd,í”Œë ˆì´ìŠ¤í™€ë” ì‚¬ì „,,JSX text content in components/PlaceholderTooltip.tsx,components/PlaceholderTooltip.tsx
kr_1b0c71b6_kr_36b7d781_kr_713aeeef_end_of_file,ëŒ€í™” ì¢…ë£Œ í† í° (End of File),,String literal in components/PlaceholderTooltip.tsx,components/PlaceholderTooltip.tsx
kr_1b0c71b6_kr_529e465d,ëŒ€í™” ë‚´ì—­,,JSX text content in pages/admin/AdminSessionDetails.tsx,pages/admin/AdminSessionDetails.tsx
kr_1b0c71b6_kr_a5b9ef21,ëŒ€í™” ë¶„ì„,,String literal in pages/admin/AdminDashboard.tsx,pages/admin/AdminDashboard.tsx
kr_1c07ed6d_kr_6f3ac528_kr_d2dc9ed4_kr_57970093,ì •ë§ë¡œ ì´ íŒŒì¼ì„ ì‚­ì œí•˜ì‹œê² ìŠµë‹ˆê¹Œ?,,String literal in components/FileUpload.tsx,components/FileUpload.tsx; components/SessionAttachments.tsx
kr_1ed99496_kr_558136bd_kr_699e7b6a_kr_9_f3d1727b,ìµœì†Œ í•˜ë‚˜ ì´ìƒì˜ ìƒë‹´ ëª©ì ì„ ì„ íƒí•´ ì£¼ì„¸ìš”.,,JSX text content in components/ConsultationPurposeSelector.tsx,components/ConsultationPurposeSelector.tsx
kr_1edd9142_kr_4a2b571b_csat,ê³ ê° í”¼ë“œë°± (CSAT),,JSX text content in pages/admin/AdminSessionDetails.tsx,pages/admin/AdminSessionDetails.tsx
kr_1edd9142_kr_93ca851a,ê³ ê° ì˜ê²¬,,JSX text content in pages/admin/AdminSessionDetails.tsx,pages/admin/AdminSessionDetails.tsx
kr_1f31b296_kr_f7b7d8a3,ê°œ ì„ íƒë¨),,JSX text content in components/ConsultationPurposeSelector.tsx,components/ConsultationPurposeSelector.tsx
kr_209bebae_kr_9bad4e91,"ì•ˆë…•í•˜ì„¸ìš”, ì €ëŠ”",,Template literal head in pages/customer/CustomerChat.tsx,pages/customer/CustomerChat.tsx
kr_209bebae_kr_9bad4e91_aws_prechat_kr_1_3049d82c,"ì•ˆë…•í•˜ì„¸ìš” ì €ëŠ” AWS PreChat ì…ë‹ˆë‹¤. ì €ëŠ” ê³ ê°ë‹˜ì˜ í´ë¼ìš°ë“œ ì‚¬ìš©ì„ ì„±ê³µì ìœ¼ë¡œ ë•ê¸°ìœ„í•´ ì–˜ê¸°ë¥¼ ë‚˜ëˆ„ê³  ì‹¶ìŠµë‹ˆë‹¤.

  ì €í¬ì™€ ë§Œë‚¨ì „ì— ë…¼ì˜í•  ë‚´ìš©ê³¼ ê¸°ëŒ€í•˜ì‹œëŠ” ë‚´ìš©ì„ ì•Œë ¤ì£¼ì„¸ìš”! ì í•©í•œ AWS ë‹´ë‹¹ìê»˜ ì „ë‹¬í•´ ë“œë¦¬ê² ìŠµë‹ˆë‹¤.
  
  ì•„í‚¤í…ì²˜ ë‹¤ì´ì–´ê·¸ë¨ê³¼ ê°™ì´ ë¯¸íŒ…ì— ë„ì›€ì´ ë  ìœ ì²¨íŒŒì¼ì„ ì œê³µí•´ ì£¼ì‹œë©´ í•¨ê»˜ í™•ì¸í•˜ê² ìŠµë‹ˆë‹¤.",,Template literal in pages/customer/CustomerChat.tsx,pages/customer/CustomerChat.tsx
kr_218e2ae6,ë‹«ê¸°,,JSX text content in components/FileUpload.tsx,components/FileUpload.tsx; components/ImageGallery.tsx
kr_223b0ee1_kr_154467a7_kr_a7200500_kr_e_ee3bbd6f,ì™€ ê´€ë ¨í•˜ì—¬ ì‚¬ì „ì— ë…¼ì˜í•  ë‚´ìš©ê³¼ ê¸°ëŒ€ì‚¬í•­ì„ ê³µìœ ë“œë¦¬ê¸° ìœ„í•´ PreChat ì‚¬ì „ì±„íŒ…ì— ì°¸ê°€í•˜ì˜€ìŠµë‹ˆë‹¤!,,Template literal span in pages/customer/CustomerChat.tsx,pages/customer/CustomerChat.tsx
kr_26d402fb_kr_c110ca85_kr_1edd9142_kr_f_a2770843,ì„¸ì…˜ì´ ì™„ë£Œë˜ë©´ ê³ ê° í”¼ë“œë°±ì„ í™•ì¸í•  ìˆ˜ ìˆìŠµë‹ˆë‹¤.,,String literal in pages/admin/AdminSessionDetails.tsx,pages/admin/AdminSessionDetails.tsx
kr_277eb50c_kr_07afbbb1,ì´ë¯¸ì§€ ì¤€ë¹„,,JSX text content in components/ImageGallery.tsx,components/ImageGallery.tsx
kr_277eb50c_kr_7be0bb6b,ì´ë¯¸ì§€ ë¯¸ë¦¬ë³´ê¸°,,JSX text content in components/ImageGallery.tsx,components/ImageGallery.tsx
kr_277eb50c_kr_7db3efd9_kr_a1e3984d,ì´ë¯¸ì§€ íŒŒì¼ì´ ì—†ìŠµë‹ˆë‹¤.,,JSX text content in components/ImageGallery.tsx,components/ImageGallery.tsx
kr_2d233012_kr_faa1d933_kr_3e70aca6,ê¸°ìˆ  ì§€ì› ë¬¸ì˜,,String literal in components/ConsultationPurposeSelector.tsx,components/ConsultationPurposeSelector.tsx
kr_2d233012_kr_feaba8d3,ê¸°ìˆ  ëª…ì„¸ì„œ,,JSX text content in components/FileUpload.tsx,components/FileUpload.tsx
kr_30e15a73,ì‚­ì œ,,JSX text content in components/DiscussionTab.tsx,components/DiscussionTab.tsx; components/FileList.tsx; components/FileUpload.tsx
kr_34310a68_kr_c6c91b77,ë¡œ ìˆëŠ”,,Template literal span in pages/customer/CustomerChat.tsx,pages/customer/CustomerChat.tsx
kr_36b9757a,ìˆ˜ì •ë¨,,JSX text content in components/DiscussionTab.tsx,components/DiscussionTab.tsx
kr_3828fa8c_kr_4f8e308f,ì„ íƒ ì™„ë£Œ (,,JSX text content in components/ConsultationPurposeSelector.tsx,components/ConsultationPurposeSelector.tsx
kr_38d9ffc3_kr_3f23fd87,ë™ì˜ ì‹œê°„,,JSX text content in pages/admin/AdminSessionDetails.tsx,pages/admin/AdminSessionDetails.tsx
kr_38d9ffc3_kr_4f8e308f,ë™ì˜ ì™„ë£Œ,,JSX text content in pages/admin/AdminSessionDetails.tsx,pages/admin/AdminSessionDetails.tsx
kr_39d36c74_kr_00086089_kr_abe6053f_kr_e7732464,ìš”ì•½ ë³´ê³ ì„œê°€ ìƒì„±ë˜ì§€ ì•Šì•˜ìŠµë‹ˆë‹¤.,,JSX text content in components/AIAnalysisReport.tsx,components/AIAnalysisReport.tsx; components/MeetingLogView.tsx
kr_39d36c74_kr_2ddb347e,ìš”ì•½ ë³´ê³ ì„œ,,JSX text content in components/AIAnalysisReport.tsx,components/AIAnalysisReport.tsx; components/MeetingLogView.tsx
kr_3b68570c_50mb_kr_277eb50c_pdf_office__8cbfa2ae,"ìµœëŒ€ 50MB â€¢ ì´ë¯¸ì§€, PDF, Office ë¬¸ì„œ, í…ìŠ¤íŠ¸ íŒŒì¼ ì§€ì›",,JSX text content in components/FileUpload.tsx,components/FileUpload.tsx
kr_3b68570c_5kr_3ecf4607_kr_7f2f18a3_kr__5b25d067,ìµœëŒ€ 5ë¶„ê¹Œì§€ ì†Œìš”ë  ìˆ˜ ìˆìŠµë‹ˆë‹¤. (,,JSX text content in components/AIAnalysisReport.tsx,components/AIAnalysisReport.tsx; components/MeetingLogView.tsx
kr_3ce81313,í™•ì¸,,JSX text content in components/PrivacyTermsModal.tsx,components/PrivacyTermsModal.tsx; pages/customer/CustomerChat.tsx
kr_3dbc5961_ai_kr_a5b9ef21_kr_82e5f386_k_cd76bbb6,"ìœ„ì˜ ""AI ë¶„ì„ ì‹œì‘"" ë²„íŠ¼ì„ í´ë¦­í•˜ì—¬ ëŒ€í™” ë‚´ìš©ì„ ë¶„ì„í•´ë³´ì„¸ìš”.",,JSX text content in components/AIAnalysisReport.tsx,components/AIAnalysisReport.tsx
kr_420e118c,ì—ì„œ,,Template literal span in pages/customer/CustomerChat.tsx,pages/customer/CustomerChat.tsx
kr_423c414d,ìƒˆë¡œê³ ì¹¨,,JSX text content in components/AIAnalysisReport.tsx,components/AIAnalysisReport.tsx; pages/admin/AgentsDashboard.tsx
kr_46cfe343_aws_kr_ca0ac833_kr_abe6053f__a22600e5,ì¶”ì²œ AWS ì„œë¹„ìŠ¤ê°€ ìƒì„±ë˜ì§€ ì•Šì•˜ìŠµë‹ˆë‹¤.,,JSX text content in components/AIAnalysisReport.tsx,components/AIAnalysisReport.tsx; components/MeetingLogView.tsx
kr_46cfe343_aws_kr_d8ab5eae,ì¶”ì²œ AWS ì„œë¹„ìŠ¤,,JSX text content in components/AIAnalysisReport.tsx,components/AIAnalysisReport.tsx; components/MeetingLogView.tsx
kr_46cfe343_kr_0aae6d89,ì¶”ì²œ ì´ìœ ,,JSX text content in components/AIAnalysisReport.tsx,components/AIAnalysisReport.tsx; components/MeetingLogView.tsx
kr_475cb533_kr_a730e137,ë¯¸íŒ… ë¡œê·¸,,JSX text content in components/MeetingLogView.tsx,components/MeetingLogView.tsx; pages/admin/AdminSessionDetails.tsx
kr_475cb533_kr_b25e5112_kr_9e61316a_kr_ba94b3b1,ë¯¸íŒ… ë¡œê·¸ê°€ ì„±ê³µì ìœ¼ë¡œ ì €ì¥ë˜ì—ˆìŠµë‹ˆë‹¤.,,JSX text content in components/MeetingLogView.tsx,components/MeetingLogView.tsx
kr_475cb533_kr_b25e5112_kr_a1e3984d,ë¯¸íŒ… ë¡œê·¸ê°€ ì—†ìŠµë‹ˆë‹¤,,JSX text content in components/MeetingLogView.tsx,components/MeetingLogView.tsx
kr_475cb533_kr_c316c93b_kr_f084222a_kr_0_59286aa3,"ë¯¸íŒ… ë¡œê·¸ë¥¼ ì €ì¥í•œ í›„ ""ì¬ë¶„ì„"" ë²„íŠ¼ì„ í´ë¦­í•˜ë©´, ì‚¬ì „ìƒë‹´ ëŒ€í™” ë‚´ìš©ê³¼ ë¯¸íŒ… ë¡œê·¸ë¥¼ ëª¨ë‘ ê³ ë ¤í•˜ì—¬ AIê°€ ì¢Œì¸¡ì˜ ë¶„ì„ ê²°ê³¼ë¥¼ ì—…ë°ì´íŠ¸í•©ë‹ˆë‹¤.",,JSX text content in components/MeetingLogView.tsx,components/MeetingLogView.tsx
kr_475cb533_kr_d7255745_kr_01ad7836_kr_e_9a58bec1,"ë¯¸íŒ… ë‚´ìš©ì„ ììœ ë¡­ê²Œ ì‘ì„±í•´ì£¼ì„¸ìš”. ë§ˆí¬ë‹¤ìš´ í˜•ì‹ì„ ì‚¬ìš©í•  ìˆ˜ ìˆìŠµë‹ˆë‹¤.

ì˜ˆì‹œ:
## ë¯¸íŒ… ê°œìš”
- ì¼ì‹œ: 2024-01-15 14:00
- ì°¸ì„ì: í™ê¸¸ë™ (ê³ ê°), ê¹€ì˜í¬ (AWS)

## ì£¼ìš” ë…¼ì˜ì‚¬í•­
1. í´ë¼ìš°ë“œ ë§ˆì´ê·¸ë ˆì´ì…˜ ê³„íš
2. ì˜ˆìƒ ë¹„ìš© ë° ì¼ì •
3. ê¸°ìˆ ì  ìš”êµ¬ì‚¬í•­

## ì•¡ì…˜ ì•„ì´í…œ
- [ ] POC ì œì•ˆì„œ ì‘ì„±
- [ ] ê¸°ìˆ  ê²€í†  ë¯¸íŒ… ì¼ì • ì¡°ìœ¨",,JSX attribute: placeholder in components/MeetingLogView.tsx,components/MeetingLogView.tsx
kr_47bea48c,ì˜ˆì‹œ:,,JSX text content in components/PlaceholderTooltip.tsx,components/PlaceholderTooltip.tsx
kr_4a2b571b_kr_8b24fca6,í”¼ë“œë°± ìˆìŒ,,JSX text content in pages/admin/AdminSessionDetails.tsx,pages/admin/AdminSessionDetails.tsx
kr_4a2b571b_kr_a245e6fe,í”¼ë“œë°± ì—†ìŒ,,JSX text content in pages/admin/AdminSessionDetails.tsx,pages/admin/AdminSessionDetails.tsx
kr_4a2b571b_kr_d6ed72d2_kr_3f23fd87,í”¼ë“œë°± ì œì¶œ ì‹œê°„,,JSX text content in pages/admin/AdminSessionDetails.tsx,pages/admin/AdminSessionDetails.tsx
kr_4aa3fb37_kr_08aaba6e_kr_0c0be239_kr_1_6e75ac42,"""ì¬ë¶„ì„"" ë²„íŠ¼ì„ í´ë¦­í•˜ì—¬ ëŒ€í™” ë‚´ìš©ê³¼ ë¯¸íŒ… ë¡œê·¸ë¥¼ í•¨ê»˜ ë¶„ì„í•´ë³´ì„¸ìš”.",,JSX text content in components/MeetingLogView.tsx,components/MeetingLogView.tsx
kr_4e085c22_kr_132f1ad6_kr_1bf5787a,: ë¹„ì¦ˆë‹ˆìŠ¤ ìš”êµ¬ì‚¬í•­ ì œê³µ,,JSX text content in components/FileUpload.tsx,components/FileUpload.tsx
kr_4f8e308f,% ì™„ë£Œ),,JSX text content in components/AIAnalysisReport.tsx,components/AIAnalysisReport.tsx; components/MeetingLogView.tsx
kr_5330910c_prechat_agent_kr_11a5c5a4_kr_0431fb1a,ìƒˆë¡œìš´ PreChat Agent ë¥¼ ë“±ë¡í•©ë‹ˆë‹¤ ğŸ¤–,,JSX text content in pages/admin/CreateAgent.tsx,pages/admin/CreateAgent.tsx
kr_55810ef5,ì—°ë½ì²˜:,,JSX text content in pages/customer/CustomerChat.tsx,pages/customer/CustomerChat.tsx
kr_5a601c73_kr_c17c4cc3_kr_3e70aca6,ì‹ ê·œ ë„ì… ë¬¸ì˜,,String literal in components/ConsultationPurposeSelector.tsx,components/ConsultationPurposeSelector.tsx
kr_5cf42c34_kr_4b0a9168_kr_802833b3_kr_3ce81313,: ê¸°ìˆ ì  ì œì•½ì‚¬í•­ê³¼ ì„ í˜¸ì‚¬í•­ì„ í™•ì¸,,JSX text content in components/FileUpload.tsx,components/FileUpload.tsx
kr_60c79769_kr_ebe4aa7e,ì„¸ì…˜ ì¶”ê°€,,JSX text content in pages/admin/AdminDashboard.tsx,pages/admin/AdminDashboard.tsx; pages/admin/CreateSession.tsx
kr_612ca27b,ë‹¤ìš´ë¡œë“œ,,JSX text content in components/FileList.tsx,components/FileList.tsx
kr_636441b6_kr_07afbbb1,ì—ì´ì „íŠ¸ ì¤€ë¹„,,String literal in pages/admin/AgentsDashboard.tsx,pages/admin/AgentsDashboard.tsx
kr_636441b6_kr_4169bb4f,ì—ì´ì „íŠ¸ ìƒì„±,,JSX text content in pages/admin/AgentsDashboard.tsx,pages/admin/AgentsDashboard.tsx; pages/admin/CreateAgent.tsx; pages/admin/CreateSession.tsx
kr_636441b6_kr_6eb5cd03,ì—ì´ì „íŠ¸ ì´ë¦„,,JSX attribute: label in pages/admin/CreateAgent.tsx,pages/admin/CreateAgent.tsx; pages/admin/EditAgent.tsx
kr_636441b6_kr_ad756095,ì—ì´ì „íŠ¸ ìˆ˜ì •,,JSX text content in pages/admin/EditAgent.tsx,pages/admin/EditAgent.tsx
kr_636441b6_kr_b809fc99_kr_014f33ea_kr_c_a2974c58,"ì—ì´ì „íŠ¸ ì§€ì¹¨ì—ì„œ ì‚¬ìš©í•  ìˆ˜ ìˆëŠ” í”Œë ˆì´ìŠ¤í™€ë”ë“¤ì…ë‹ˆë‹¤. 
              ê³ ê°ê³¼ì˜ ì±„íŒ…ì—ì„œ ì‹¤ì œ ê°’ìœ¼ë¡œ ìë™ ì¹˜í™˜ë©ë‹ˆë‹¤.",,JSX text content in components/PlaceholderTooltip.tsx,components/PlaceholderTooltip.tsx
kr_636441b6_kr_c76d86e1,ì—ì´ì „íŠ¸ ì œê±°,,String literal in pages/admin/AgentsDashboard.tsx,pages/admin/AgentsDashboard.tsx
kr_636441b6_kr_ec0d787e,ì—ì´ì „íŠ¸ í¸ì§‘,,String literal in pages/admin/AgentsDashboard.tsx,pages/admin/AgentsDashboard.tsx
kr_64e330b0_kr_9c6ba43f,ë§ˆì´ê·¸ë ˆì´ì…˜ ìƒë‹´,,String literal in components/ConsultationPurposeSelector.tsx,components/ConsultationPurposeSelector.tsx
kr_690a7151_kr_7d16267d_kr_7e0c8f1b_kr_c_dafee129,ë” ì •í™•í•œ ìƒë‹´ì„ ìœ„í•´ ì¶”ê°€ ìë£Œë¥¼ ì œê³µí•´ ì£¼ì‹œë©´ ë„ì›€ì´ ë©ë‹ˆë‹¤.,,JSX text content in components/FileUpload.tsx,components/FileUpload.tsx
kr_6b0ba4c4_kr_868ed86d_kr_49f6a567,ì„±ëŠ¥/ìš©ëŸ‰ ê³„íšì„œ,,JSX text content in components/FileUpload.tsx,components/FileUpload.tsx
kr_6bc2253e,ë¯¸íŒ…ë¡œê·¸ë¦¬í¬íŠ¸_,,Template literal head in components/MeetingLogView.tsx,components/MeetingLogView.tsx
kr_6d9351cf_kr_d160f681,ì²¨ë¶€ íŒŒì¼,,String literal in pages/admin/AdminSessionDetails.tsx,pages/admin/AdminSessionDetails.tsx
kr_6f3ac528_kr_015871f3_kr_57970093_kr_4_b32553c0,ì´ ëŒ“ê¸€ì„ ì‚­ì œí•˜ì‹œê² ìŠµë‹ˆê¹Œ? ì‚­ì œëœ ëŒ“ê¸€ì€ ë³µêµ¬í•  ìˆ˜ ì—†ìŠµë‹ˆë‹¤.,,JSX text content in components/DiscussionTab.tsx,components/DiscussionTab.tsx
kr_6f3ac528_kr_1b0c71b6_kr_d70054a5_kr_4_bcfd38f9,)ì´ ëŒ€í™” ë‚´ìš©ê³¼ ë¯¸íŒ… ë¡œê·¸ë¥¼ í•¨ê»˜ ë¶„ì„í•˜ê³  ìˆìŠµë‹ˆë‹¤...,,JSX text content in components/MeetingLogView.tsx,components/MeetingLogView.tsx
kr_6f3ac528_kr_1b0c71b6_kr_d7255745_kr_e_23df3b00,)ì´ ëŒ€í™” ë‚´ìš©ì„ ë¶„ì„í•˜ê³  ìˆìŠµë‹ˆë‹¤...,,JSX text content in components/AIAnalysisReport.tsx,components/AIAnalysisReport.tsx
kr_6f91c5e2_kr_fa51e375_kr_f30e8f67_kr_5_8cbafb60,ê³ ê°ì´ ì•„ì§ í”¼ë“œë°±ì„ ì œì¶œí•˜ì§€ ì•Šì•˜ìŠµë‹ˆë‹¤.,,String literal in pages/admin/AdminSessionDetails.tsx,pages/admin/AdminSessionDetails.tsx
kr_719de9e6_kr_1176baf6,ë§Œì¡±ë„ ì ìˆ˜,,JSX text content in pages/admin/AdminSessionDetails.tsx,pages/admin/AdminSessionDetails.tsx
kr_7f598db0_kr_3e70aca6,ê¸°íƒ€ ë¬¸ì˜,,String literal in components/ConsultationPurposeSelector.tsx,components/ConsultationPurposeSelector.tsx
kr_81d78354_kr_636441b6_kr_7d9a37bb,ê¸°ë³¸ ì—ì´ì „íŠ¸ ì§€ì¹¨,,JSX text content in pages/admin/CreateAgent.tsx,pages/admin/CreateAgent.tsx; pages/admin/EditAgent.tsx
kr_8a0dfb9c,ê´€ë ¨ì„±,,JSX text content in components/AIAnalysisReport.tsx,components/AIAnalysisReport.tsx; components/MeetingLogView.tsx
kr_8ffc4a43_kr_8ffba872,ì„ íƒëœ ëª¨ë¸(,,JSX text content in components/AIAnalysisReport.tsx,components/AIAnalysisReport.tsx; components/MeetingLogView.tsx
kr_8ffc4a43_kr_9c6ba43f_kr_0a8c9145,ì„ íƒëœ ìƒë‹´ ëª©ì ,,JSX text content in components/ConsultationPurposeSelector.tsx,components/ConsultationPurposeSelector.tsx
kr_908eb9b7_kr_4169bb4f,ëœë¤ ìƒì„±,,JSX text content in pages/admin/CreateSession.tsx,pages/admin/CreateSession.tsx
kr_95e4313c_kr_62399661_kr_073a6047_kr_290ce543,ì¼). ì—ì´ì „íŠ¸ë¥¼ ë‹¤ì‹œ ì¤€ë¹„í•´ì£¼ì„¸ìš”.,,Template literal span in pages/admin/AgentsDashboard.tsx,pages/admin/AgentsDashboard.tsx
kr_9825fbb6_kr_1edd9142_kr_e171e29b,ê´€ë ¨ ê³ ê° ì‚¬ë¡€,,JSX text content in components/AIAnalysisReport.tsx,components/AIAnalysisReport.tsx; components/MeetingLogView.tsx
kr_9825fbb6_kr_1edd9142_kr_f737cd71_kr_a_e0bb057d,ê´€ë ¨ ê³ ê° ì‚¬ë¡€ê°€ ìƒì„±ë˜ì§€ ì•Šì•˜ìŠµë‹ˆë‹¤.,,JSX text content in components/AIAnalysisReport.tsx,components/AIAnalysisReport.tsx; components/MeetingLogView.tsx
kr_99b6a0bc_kr_a5131cf6_csv,ì§„ì… ì •ë³´ CSV,,String literal in pages/admin/AdminDashboard.tsx,pages/admin/AdminDashboard.tsx
kr_9ab19a87,ë¡œê·¸ì•„ì›ƒ,,String literal in components/TopNavigation.tsx,components/TopNavigation.tsx
kr_9c6ba43f_kr_0a8c9145,ìƒë‹´ ëª©ì ,,JSX text content in pages/admin/AdminSessionDetails.tsx,pages/admin/AdminSessionDetails.tsx; pages/customer/CustomerChat.tsx
kr_9c6ba43f_kr_35beedfc_kr_1704c9a9_kr_fb451447,ìƒë‹´ ëª©ì ì„ ì„ íƒí•´ ì£¼ì„¸ìš”,,JSX text content in components/ConsultationPurposeSelector.tsx,components/ConsultationPurposeSelector.tsx
kr_9d0a47e6,ì €ì¥,,JSX text content in components/DiscussionTab.tsx,components/DiscussionTab.tsx; components/MeetingLogView.tsx
kr_9d97f58d_kr_247d243a_kr_69318f6a_kr_a_f43bcd49,ì´ˆë„ë¯¸íŒ…ë¡ ì‘ì„± (ë§ˆí¬ë‹¤ìš´ í˜•ì‹ ì§€ì›),,JSX text content in components/MeetingLogView.tsx,components/MeetingLogView.tsx
kr_9f488784_kr_1bf5787a,ì²¨ë¶€íŒŒì¼ ì œê³µ,,JSX text content in pages/customer/CustomerChat.tsx,pages/customer/CustomerChat.tsx
kr_9fe747f6_kr_34b739b1,êµ¬í˜„ ë°©ì•ˆ,,JSX text content in components/AIAnalysisReport.tsx,components/AIAnalysisReport.tsx; components/MeetingLogView.tsx
kr_9ff7e209,ë‹´ë‹¹ì:,,JSX text content in pages/customer/CustomerChat.tsx,pages/customer/CustomerChat.tsx
kr_9ff7e209_kr_55810ef5,ë‹´ë‹¹ì ì—°ë½ì²˜,,String literal in components/PlaceholderTooltip.tsx,components/PlaceholderTooltip.tsx
kr_9ff7e209_kr_6eb5cd03,ë‹´ë‹¹ì ì´ë¦„,,String literal in components/PlaceholderTooltip.tsx,components/PlaceholderTooltip.tsx
kr_9ff7e209_kr_a5131cf6,ë‹´ë‹¹ì ì •ë³´,,JSX text content in pages/customer/CustomerChat.tsx,pages/customer/CustomerChat.tsx
kr_9ff7e209_kr_af9b1ee2,ë‹´ë‹¹ì ì´ë©”ì¼,,String literal in components/PlaceholderTooltip.tsx,components/PlaceholderTooltip.tsx
kr_a0b2c43c_kr_0fe9cf9d_kr_0a4a6ef7_kr_f941f867,: ì˜ˆìƒ íŠ¸ë˜í”½ê³¼ ë°ì´í„°ëŸ‰ ë“±,,JSX text content in components/FileUpload.tsx,components/FileUpload.tsx
kr_a0e0ede8_kr_7db3efd9_kr_a1e3984d,ì—…ë¡œë“œëœ íŒŒì¼ì´ ì—†ìŠµë‹ˆë‹¤,,JSX text content in components/FileList.tsx,components/FileList.tsx; components/FileUpload.tsx
kr_a0e0ede8_kr_d160f681,ì—…ë¡œë“œëœ íŒŒì¼,,JSX text content in components/FileUpload.tsx,components/FileUpload.tsx; components/SessionAttachments.tsx
kr_a0e0ede8_kr_fd336418_aws_kr_1bf59557__5d79d8f6,ğŸ’¡ ì—…ë¡œë“œëœ íŒŒì¼ì€ AWS ë‹´ë‹¹ìê°€ ì‚¬ì „ ê²€í† í•˜ì—¬ ë”ìš± íš¨ê³¼ì ì¸ ë¯¸íŒ…ì„ ì¤€ë¹„í•  ìˆ˜ ìˆìŠµë‹ˆë‹¤.,,JSX text content in components/FileUpload.tsx,components/FileUpload.tsx
kr_a19ec6f5_kr_cb5195f6_kr_27465537_kr_b_2a608448,ğŸ’¡ ì—¬ëŸ¬ ì¤„ ì…ë ¥ì´ ê°€ëŠ¥í•©ë‹ˆë‹¤. ì „ì†¡í•˜ë ¤ë©´ ì•„ë˜ ì „ì†¡ ë²„íŠ¼ì„ ëˆŒëŸ¬ì£¼ì„¸ìš”.,,JSX text content in components/MultilineChatInput.tsx,components/MultilineChatInput.tsx
kr_a45c31b2_kr_2000c418,ì—…ë¡œë“œ ì¤‘...,,JSX text content in components/FileUpload.tsx,components/FileUpload.tsx
kr_a549476c_kr_65815681_kr_78d52400_kr_9_2fb47fac,ìœ„ í•­ëª©ì— í•´ë‹¹í•˜ì§€ ì•ŠëŠ” ê¸°íƒ€ ë¬¸ì˜ì‚¬í•­ì´ ìˆìœ¼ì‹ ê°€ìš”?,,String literal in components/ConsultationPurposeSelector.tsx,components/ConsultationPurposeSelector.tsx
kr_a5b9ef21_kr_2d420e49_kr_53b5d1ae_kr_2000c418,ë¶„ì„ ê²°ê³¼ë¥¼ ë¶ˆëŸ¬ì˜¤ëŠ” ì¤‘...,,JSX text content in components/AIAnalysisReport.tsx,components/AIAnalysisReport.tsx
kr_a5b9ef21_kr_4f8e308f,ë¶„ì„ ì™„ë£Œ:,,JSX text content in components/AIAnalysisReport.tsx,components/AIAnalysisReport.tsx; components/MeetingLogView.tsx
kr_a5b9ef21_kr_7d4f0769_kr_a1e3984d,ë¶„ì„ ê²°ê³¼ê°€ ì—†ìŠµë‹ˆë‹¤,,JSX text content in components/AIAnalysisReport.tsx,components/AIAnalysisReport.tsx; components/MeetingLogView.tsx
kr_a5b9ef21_kr_8ffba872_kr_3828fa8c,ë¶„ì„ ëª¨ë¸ ì„ íƒ,,JSX text content in components/AIAnalysisReport.tsx,components/AIAnalysisReport.tsx; components/MeetingLogView.tsx
kr_a6901e00_kr_f4451824_kr_773d2969_kr_4_002acf23,ì–´ì¹´ìš´íŠ¸ ì „ëµì— ëŒ€í•œ ì˜ê²¬ì„ ì‘ì„±í•´ì£¼ì„¸ìš”...,,JSX attribute: placeholder in components/DiscussionTab.tsx,components/DiscussionTab.tsx
kr_ad756095,ìˆ˜ì •,,JSX text content in components/ConsultationPurposeSelector.tsx,components/ConsultationPurposeSelector.tsx; components/MeetingLogView.tsx
kr_ad756095_kr_08aaba6e_kr_0c0be239_kr_5_50ea4ba0,"""ìˆ˜ì •"" ë²„íŠ¼ì„ í´ë¦­í•˜ì—¬ ì´ˆë„ë¯¸íŒ…ë¡ì„ ì‘ì„±í•´ë³´ì„¸ìš”.",,JSX text content in components/MeetingLogView.tsx,components/MeetingLogView.tsx
kr_af9b1ee2,ì´ë©”ì¼:,,JSX text content in pages/customer/CustomerChat.tsx,pages/customer/CustomerChat.tsx
kr_b685c0b6,ìƒë‹´ëª©ì :,,JSX text content in pages/admin/AdminDashboard.tsx,pages/admin/AdminDashboard.tsx
kr_bbcea42e,ëŒ€ì‹œë³´ë“œë¡œ,,JSX text content in pages/admin/AdminSessionDetails.tsx,pages/admin/AdminSessionDetails.tsx; pages/admin/CreateAgent.tsx; pages/admin/CreateSession.tsx; pages/admin/EditAgent.tsx
kr_bce2f2db_kr_277eb50c,ì›ë³¸ ì´ë¯¸ì§€,,JSX attribute: alt in components/ImageGallery.tsx,components/ImageGallery.tsx
kr_d160f681_kr_07afbbb1,íŒŒì¼ ì¤€ë¹„,,JSX text content in components/FileList.tsx,components/FileList.tsx
kr_d160f681_kr_3828fa8c,íŒŒì¼ ì„ íƒ,,JSX text content in components/FileUpload.tsx,components/FileUpload.tsx
kr_d160f681_kr_a45c31b2_kr_2000c418_kr_c_719b2f3c,íŒŒì¼ ì—…ë¡œë“œ ì¤‘ ì˜¤ë¥˜ê°€ ë°œìƒí–ˆìŠµë‹ˆë‹¤. (Status:,,Template literal head in components/FileUpload.tsx,components/FileUpload.tsx
kr_d160f681_kr_bf4c2fc1_kr_e85b48fe_kr_0aae6d89,íŒŒì¼ ì—…ë¡œë“œê°€ í•„ìš”í•œ ì´ìœ ,,JSX text content in components/FileUpload.tsx,components/FileUpload.tsx
kr_d2dc9ed4_kr_141851f3_kr_953e9e96_kr_e_3d28a7fc,íŒŒì¼ì„ ì—…ë¡œë“œí•˜ì—¬ ìƒë‹´ì— í•„ìš”í•œ ìë£Œë¥¼ ì œê³µí•´ ì£¼ì„¸ìš”.,,JSX text content in components/FileList.tsx,components/FileList.tsx; components/FileUpload.tsx
kr_d366f9f8_kr_67e25f3e_kr_b7a481c0,"ì´ë¼ í•©ë‹ˆë‹¤. 

ì´ë²ˆì—",,Template literal span in pages/customer/CustomerChat.tsx,pages/customer/CustomerChat.tsx
kr_d4d56740_kr_4a2b571b,ì‚¬ì „ìƒë‹´ í”¼ë“œë°±,,JSX text content in components/FeedbackModal.tsx,components/FeedbackModal.tsx
kr_d4d56740_kr_bee8046c_kr_272063c6_kr_b_214bbac5,ì‚¬ì „ìƒë‹´ ê²½í—˜ì€ ì–´ë– ì…¨ë‚˜ìš”? ì†Œì¤‘í•œ í”¼ë“œë°±ì„ ë‚¨ê²¨ì£¼ì„¸ìš”.,,JSX text content in components/FeedbackModal.tsx,components/FeedbackModal.tsx
kr_d4d56740_kr_d7255745_kr_740edcea,ì‚¬ì „ìƒë‹´ ë‚´ìš©ì„ í™•ì¸í•©ë‹ˆë‹¤,,JSX text content in pages/admin/AdminSessionDetails.tsx,pages/admin/AdminSessionDetails.tsx
kr_d4d56740_kr_f8f407d6_kr_1176baf6,ì‚¬ì „ìƒë‹´ ê²½í—˜ ì ìˆ˜,,JSX attribute: label in components/FeedbackModal.tsx,components/FeedbackModal.tsx
kr_d4f71fac,í”„ë¡œí•„,,String literal in components/TopNavigation.tsx,components/TopNavigation.tsx
kr_d80da8e9_kr_0411fb92_kr_247d243a,ìƒˆ ëŒ“ê¸€ ì‘ì„±,,JSX attribute: label in components/DiscussionTab.tsx,components/DiscussionTab.tsx
kr_d80da8e9_kr_9c6ba43f_kr_8fb6dfad_kr_deec1534,ìƒˆ ìƒë‹´ ì„¸ì…˜ì„ ë§Œë“­ë‹ˆë‹¤ ğŸ’¬,,JSX text content in pages/admin/CreateSession.tsx,pages/admin/CreateSession.tsx
kr_d8ab5eae_kr_2aa88b28,ì„œë¹„ìŠ¤ ì´ìš©ì•½ê´€,,String literal in components/PrivacyTermsModal.tsx,components/PrivacyTermsModal.tsx
kr_d9de218e,ì·¨ì†Œ,,JSX text content in components/ConsultationPurposeSelector.tsx,components/ConsultationPurposeSelector.tsx; components/DiscussionTab.tsx; components/MeetingLogView.tsx; pages/admin/AgentsDashboard.tsx; pages/admin/CreateAgent.tsx; pages/admin/CreateSession.tsx; pages/admin/EditAgent.tsx
kr_de7dab89_kr_08725e96_kr_636441b6,ì‚¬ìš© ê°€ëŠ¥í•œ ì—ì´ì „íŠ¸ ğŸ¤–,,JSX text content in pages/admin/CreateSession.tsx,pages/admin/CreateSession.tsx
kr_de7dab89_kr_8ffba872,"| 
            ì‚¬ìš© ëª¨ë¸:",,JSX text content in components/AIAnalysisReport.tsx,components/AIAnalysisReport.tsx; components/MeetingLogView.tsx
kr_e171e29b_kr_4c70f722,ì‚¬ë¡€ ì„¤ëª…,,JSX text content in components/AIAnalysisReport.tsx,components/AIAnalysisReport.tsx; components/MeetingLogView.tsx
kr_e7755cd5_kr_1f98d72a_kr_ae865576,í˜„ì¬ ì•„í‚¤í…ì²˜ ë‹¤ì´ì–´ê·¸ë¨,,JSX text content in components/FileUpload.tsx,components/FileUpload.tsx
kr_e7755cd5_kr_de7dab89_kr_b0c7349a_aws__67cd9d83,í˜„ì¬ ì‚¬ìš© ì¤‘ì¸ AWS ì„œë¹„ìŠ¤ì˜ ê¸°ìˆ ì  ì´ìŠˆë‚˜ ê°œì„  ë°©ì•ˆì„ ë¬¸ì˜í•˜ì‹œë‚˜ìš”?,,String literal in components/ConsultationPurposeSelector.tsx,components/ConsultationPurposeSelector.tsx
kr_e9d2a1c3_kr_504b1e35_awskr_34310a68_k_acc690a4,ê¸°ì¡´ ì‹œìŠ¤í…œì„ AWSë¡œ ì´ì „í•˜ëŠ” ë°©ì•ˆì„ ë…¼ì˜í•˜ê³  ì‹¶ìœ¼ì‹ ê°€ìš”?,,String literal in components/ConsultationPurposeSelector.tsx,components/ConsultationPurposeSelector.tsx
kr_e9d2a1c3_kr_b0cc8942_kr_c111a6ea_kr_a_8bb6b000,: ê¸°ì¡´ ì‹œìŠ¤í…œ êµ¬ì„± ì •ë³´ ì œê³µ,,JSX text content in components/FileUpload.tsx,components/FileUpload.tsx
kr_ebe4aa7e_kr_4a2b571b_kr_2c3cae1a,ì¶”ê°€ í”¼ë“œë°± (ì„ íƒì‚¬í•­),,JSX attribute: label in components/FeedbackModal.tsx,components/FeedbackModal.tsx
kr_ebe4aa7e_kr_985a3b06_kr_afe7d8b8_kr_a_780fce17,ì¶”ê°€ ë¬¸ì˜ì‚¬í•­ì´ ìˆìœ¼ì‹œë©´ ìœ„ ë‹´ë‹¹ìì—ê²Œ ì§ì ‘ ì—°ë½í•´ ì£¼ì„¸ìš”.,,JSX text content in pages/customer/CustomerChat.tsx,pages/customer/CustomerChat.tsx
kr_f06f9fdb_kr_9825fbb6_kr_3e70aca6,íŒŒíŠ¸ë„ˆ ê´€ë ¨ ë¬¸ì˜,,String literal in components/ConsultationPurposeSelector.tsx,components/ConsultationPurposeSelector.tsx
kr_f215119c_kr_393a17ce_kr_b63c09c8,ì— ë™ì˜í•©ë‹ˆë‹¤. (í•„ìˆ˜),,JSX text content in pages/customer/CustomerChat.tsx,pages/customer/CustomerChat.tsx
kr_f235c8d9,ì „ì†¡,,JSX text content in components/FeedbackModal.tsx,components/FeedbackModal.tsx
kr_f28d7087_kr_64567785_kr_a5131cf6,ê³ ê°ì—ê²Œ ì „ë‹¬í•  ì •ë³´:,,JSX text content in pages/admin/CreateSession.tsx,pages/admin/CreateSession.tsx
kr_f30e8f67_kr_932d8b11,í”¼ë“œë°±ì„ ì…ë ¥í•´ì£¼ì„¸ìš”...,,JSX attribute: placeholder in components/FeedbackModal.tsx,components/FeedbackModal.tsx
kr_f41e9a69_kr_78d044a7,)ì—ê²Œ í™•ì¸í•˜ì„¸ìš”,,Template literal span in pages/admin/AdminDashboard.tsx,pages/admin/AdminDashboard.tsx
kr_f44049fc_kr_60c065cb_kr_6f2418fa_6kr__1d616698,ì˜ì—… ë‹´ë‹¹ìë¡œë¶€í„° ë°›ì€ 6ìë¦¬ PIN ë²ˆí˜¸ë¥¼ ì…ë ¥í•´ì£¼ì„¸ìš”.,,JSX text content in pages/customer/CustomerChat.tsx,pages/customer/CustomerChat.tsx
kr_fa51e375_kr_af4549bb_kr_fec5ad53_kr_a_8b077219,ì•„ì§ ì‘ì„±ëœ ëŒ“ê¸€ì´ ì—†ìŠµë‹ˆë‹¤. ì²« ë²ˆì§¸ ëŒ“ê¸€ì„ ì‘ì„±í•´ë³´ì„¸ìš”!,,JSX text content in components/DiscussionTab.tsx,components/DiscussionTab.tsx
kr_faa33ae2_url,ì±„íŒ… URL:,,JSX text content in pages/admin/CreateSession.tsx,pages/admin/CreateSession.tsx
kr_fbaf9f99,ë¯¸ë™ì˜,,JSX text content in pages/admin/AdminSessionDetails.tsx,pages/admin/AdminSessionDetails.tsx
loading_agent_details,Loading agent details...,,JSX text content in pages/admin/EditAgent.tsx,pages/admin/EditAgent.tsx
loading_current_user,Loading current user...,,String literal in pages/admin/CreateSession.tsx,pages/admin/CreateSession.tsx
meeting_log,/meeting-log,,Template literal span in services/api.ts,services/api.ts
memory_kr_bf64ca02_kr_2392e4d4,Memory í™œì„±í™”ì— ì‹¤íŒ¨í–ˆìŠµë‹ˆë‹¤.,,String literal in pages/admin/AgentsDashboard.tsx,pages/admin/AgentsDashboard.tsx
memory_kr_da1f5a04,Memory í™œì„±í™”,,String literal in pages/admin/AgentsDashboard.tsx,pages/admin/AgentsDashboard.tsx
memory_storage_days,Memory Storage Days,,JSX attribute: label in pages/admin/AgentsDashboard.tsx,pages/admin/AgentsDashboard.tsx; pages/admin/CreateAgent.tsx; pages/admin/EditAgent.tsx
memorykr_c0c6e706_kr_9e61316a_kr_4c9375fa,Memoryê°€ ì„±ê³µì ìœ¼ë¡œ í™œì„±í™”ë˜ì—ˆìŠµë‹ˆë‹¤ (,,Template literal head in pages/admin/AgentsDashboard.tsx,pages/admin/AgentsDashboard.tsx
message_copied,Message copied,,JSX text content in components/ChatMessage.tsx,components/ChatMessage.tsx; components/StreamingChatMessage.tsx
missing_required_columns,: missing required columns,,Template literal span in i18n/TranslationManager.ts,i18n/TranslationManager.ts
mit_0_license,MIT-0 License,,JSX text content in components/Layout.tsx,components/Layout.tsx
need_kr_1c58866c,Need (í•„ìš”ì„±),,JSX text content in components/AIAnalysisReport.tsx,components/AIAnalysisReport.tsx; components/MeetingLogView.tsx
next_steps_will_be_shared_via_email_with_18b2be76,âœ… Next steps will be shared via email within 24 hours.,,Template literal span in hooks/useChat.ts,hooks/useChat.ts
no_agents,No agents,,JSX text content in pages/admin/AgentsDashboard.tsx,pages/admin/AgentsDashboard.tsx; pages/admin/CreateSession.tsx
no_bedrock_agents_found,No Bedrock agents found.,,JSX text content in pages/admin/AgentsDashboard.tsx,pages/admin/AgentsDashboard.tsx; pages/admin/CreateSession.tsx
no_messages_yet,No messages yet,,JSX text content in pages/admin/AdminSessionDetails.tsx,pages/admin/AdminSessionDetails.tsx
no_pre_consultation_sessions_found,No pre-consultation sessions found.,,JSX text content in pages/admin/AdminDashboard.tsx,pages/admin/AdminDashboard.tsx
no_sessions,No sessions,,JSX text content in pages/admin/AdminDashboard.tsx,pages/admin/AdminDashboard.tsx
not_helpful,Not helpful,,String literal in components/ChatMessage.tsx,components/ChatMessage.tsx; components/StreamingChatMessage.tsx
not_prepared,Not Prepared,,JSX text content in components/StatusBadge.tsx,components/StatusBadge.tsx; pages/admin/AgentsDashboard.tsx
password,Password,,JSX attribute: label in pages/auth/Login.tsx,pages/auth/Login.tsx
phone_number,Phone Number,,JSX attribute: label in pages/auth/Login.tsx,pages/auth/Login.tsx
pin,| PIN:,,Template literal span in pages/admin/CreateSession.tsx,pages/admin/CreateSession.tsx
pin_kr_5ca2f73d,PIN ë²ˆí˜¸,,JSX text content in pages/admin/AdminSessionDetails.tsx,pages/admin/AdminSessionDetails.tsx; pages/admin/CreateSession.tsx; pages/customer/CustomerChat.tsx
pin_kr_ce42b977_kr_f44049fc_kr_1c1c685c,PIN ì •ë³´ëŠ” ì˜ì—… ë‹´ë‹¹(,,Template literal head in pages/admin/AdminDashboard.tsx,pages/admin/AdminDashboard.tsx
please_check_your_email_and_enter_the_co_346890e1,Please check your email and enter the confirmation code below.,,JSX text content in pages/auth/Login.tsx,pages/auth/Login.tsx
prechat_kr_60c79769,PreChat ì„¸ì…˜ ğŸ’¬,,JSX text content in pages/admin/AdminDashboard.tsx,pages/admin/AdminDashboard.tsx; pages/admin/AgentsDashboard.tsx
prechat_kr_62399661_kr_28230b3a,PreChat ì—ì´ì „íŠ¸ë¥¼ ìˆ˜ì •í•©ë‹ˆë‹¤ ğŸ¤–,,JSX text content in pages/admin/EditAgent.tsx,pages/admin/EditAgent.tsx
prechat_kr_636441b6,PreChat ì—ì´ì „íŠ¸,,JSX text content in pages/admin/AdminDashboard.tsx,pages/admin/AdminDashboard.tsx; pages/admin/AgentsDashboard.tsx
prechat_kr_f41e9a69_kr_5d6a57a5_kr_277e7_4991e785,PreChat ì—ê²Œ ê³ ë¯¼ì„ ë§ì”€í•´ ë³´ì„¸ìš”.,,JSX text content in pages/customer/CustomerChat.tsx,pages/customer/CustomerChat.tsx
prechatkr_f215119c_kr_155863bf_kr_660d30_89992d99,âœ¨ PreChatì— ì˜¤ì‹  ê²ƒì„ í™˜ì˜í•©ë‹ˆë‹¤!,,JSX text content in components/Layout.tsx,components/Layout.tsx
prepare,/prepare,,Template literal span in services/api.ts,services/api.ts
prepared,Prepared,,JSX text content in components/StatusBadge.tsx,components/StatusBadge.tsx; pages/admin/AgentsDashboard.tsx
preparing,Preparing,,JSX text content in components/StatusBadge.tsx,components/StatusBadge.tsx; pages/admin/AgentsDashboard.tsx
privacy,Privacy,,JSX text content in components/Layout.tsx,components/Layout.tsx
privacyconsent,PrivacyConsent_,,Template literal head in utils/sessionStorage.ts,utils/sessionStorage.ts
purposes,/purposes,,Template literal span in services/api.ts,services/api.ts
reanalyze,/reanalyze,,Template literal span in services/api.ts,services/api.ts
report,/report,,Template literal span in services/api.ts,services/api.ts
sales_rep,Sales Rep,,JSX text content in pages/admin/AdminSessionDetails.tsx,pages/admin/AdminSessionDetails.tsx
sales_representative_access,Sales Representative Access,,JSX text content in pages/auth/Login.tsx,pages/auth/Login.tsx
sales_representative_email,Sales Representative Email,,JSX attribute: label in pages/admin/CreateSession.tsx,pages/admin/CreateSession.tsx
select_a_foundation_model,Select a foundation model,,JSX attribute: placeholder in pages/admin/CreateAgent.tsx,pages/admin/CreateAgent.tsx; pages/admin/EditAgent.tsx
select_agent,Select Agent,,JSX attribute: label in pages/admin/CreateSession.tsx,pages/admin/CreateSession.tsx
select_an_agent,Select an agent,,JSX attribute: placeholder in pages/admin/CreateSession.tsx,pages/admin/CreateSession.tsx
session_created_successfully_url,Session created successfully! URL:,,Template literal head in pages/admin/CreateSession.tsx,pages/admin/CreateSession.tsx
session_url_csv,_session_url.csv,,Template literal span in utils/csvExport.ts,utils/csvExport.ts
sign_in,Sign In,,String literal in pages/auth/Login.tsx,pages/auth/Login.tsx
sign_up,Sign Up,,String literal in pages/auth/Login.tsx,pages/auth/Login.tsx
stage,"â€¢
                              Stage:",,JSX text content in pages/admin/AdminSessionDetails.tsx,pages/admin/AdminSessionDetails.tsx
status,Status,,JSX text content in pages/admin/AdminSessionDetails.tsx,pages/admin/AdminSessionDetails.tsx
storage_days,Storage Days,,JSX text content in pages/admin/AgentsDashboard.tsx,pages/admin/AgentsDashboard.tsx
support,Support,,JSX text content in components/Layout.tsx,components/Layout.tsx
terms,Terms,,JSX text content in components/Layout.tsx,components/Layout.tsx
text_1234567890,+1234567890,,JSX attribute: placeholder in pages/auth/Login.tsx,pages/auth/Login.tsx
text_19e75790fe7e,"**
ğŸ“§",,Template literal span in hooks/useChat.ts,hooks/useChat.ts
text_2px_dashed,2px dashed,,Template literal head in components/FileUpload.tsx,components/FileUpload.tsx
text_5_0,/5.0,,JSX text content in pages/admin/AdminSessionDetails.tsx,pages/admin/AdminSessionDetails.tsx
text_6kr_576af020_kr_820fca4d_kr_7bb79cfd,6ìë¦¬ ìˆ«ì ì…ë ¥,,JSX attribute: placeholder in pages/admin/CreateSession.tsx,pages/admin/CreateSession.tsx; pages/customer/CustomerChat.tsx
text_6kr_576af020_pin_kr_5ca2f73d,6ìë¦¬ PIN ë²ˆí˜¸,,JSX attribute: label in pages/admin/CreateSession.tsx,pages/admin/CreateSession.tsx
this_agent_is_currently_prepared_and_dep_99fb5f05,This agent is currently prepared and deployed. Updating it will require re-preparing the agent after changes are saved.,,JSX text content in pages/admin/EditAgent.tsx,pages/admin/EditAgent.tsx
this_work_is_licensed_under_the,This work is licensed under the,,JSX text content in components/Layout.tsx,components/Layout.tsx
timeline_kr_561135d3,Timeline (ì¼ì •),,JSX text content in components/AIAnalysisReport.tsx,components/AIAnalysisReport.tsx; components/MeetingLogView.tsx
title_style_margin_0_padding_0_box_sizin_048144cf,"</title>
    <style>
        * {
            margin: 0;
            padding: 0;
            box-sizing: border-box;
        }
        
        body {
            font-family: 'Segoe UI', Tahoma, Geneva, Verdana, sans-serif;
            line-height: 1.6;
            color: #333;
            background-color: #f8f9fa;
            padding: 20px;
        }
        
        .container {
            max-width: 1400px;
            margin: 0 auto;
            background: white;
            border-radius: 12px;
            box-shadow: 0 4px 6px rgba(0, 0, 0, 0.1);
            overflow: hidden;
        }
        
        .header {
            background: linear-gradient(135deg, #232f3e 0%, #131a22 100%);
            color: white;
            padding: 40px;
            text-align: center;
        }
        
        .header h1 {
            font-size: 2.5rem;
            margin-bottom: 10px;
            font-weight: 300;
        }
        
        .header .subtitle {
            font-size: 1.1rem;
            opacity: 0.9;
        }
        
        .content {
            padding: 40px;
        }
        
        .two-column-layout {
            display: grid;
            grid-template-columns: 1fr 1fr;
            gap: 40px;
            margin-top: 30px;
        }
        
        .left-column, .right-column {
            min-height: 500px;
        }
        
        .section {
            margin-bottom: 40px;
            border-bottom: 1px solid #e9ecef;
            padding-bottom: 30px;
        }
        
        .section:last-child {
            border-bottom: none;
            margin-bottom: 0;
        }
        
        .section-title {
            font-size: 1.8rem;
            color: #232f3e;
            margin-bottom: 20px;
            padding-bottom: 10px;
            border-bottom: 3px solid #ff9900;
            display: inline-block;
        }
        
        .customer-info {
            background: #f8f9fa;
            padding: 25px;
            border-radius: 8px;
            margin-bottom: 30px;
        }
        
        .info-grid {
            display: grid;
            grid-template-columns: repeat(auto-fit, minmax(250px, 1fr));
            gap: 20px;
        }
        
        .info-item {
            background: white;
            padding: 15px;
            border-radius: 6px;
            border-left: 4px solid #ff9900;
        }
        
        .info-label {
            font-weight: 600;
            color: #666;
            font-size: 0.9rem;
            margin-bottom: 5px;
        }
        
        .info-value {
            font-size: 1.1rem;
            color: #333;
        }
        
        .markdown-content {
            background: #ffffff;
            border: 1px solid #e1e4e8;
            border-radius: 8px;
            padding: 30px;
            box-shadow: 0 2px 4px rgba(0,0,0,0.05);
            line-height: 1.7;
        }
        
        .meeting-log-content {
            background: #f8f9fa;
            border: 1px solid #e1e4e8;
            border-radius: 8px;
            padding: 30px;
            box-shadow: 0 2px 4px rgba(0,0,0,0.05);
            line-height: 1.7;
            white-space: pre-wrap;
            font-family: 'Segoe UI', Tahoma, Geneva, Verdana, sans-serif;
        }
        
        .markdown-content h1, .meeting-log-content h1 {
            color: #232f3e;
            font-size: 1.8rem;
            margin-bottom: 20px;
            border-bottom: 2px solid #ff9900;
            padding-bottom: 10px;
        }
        
        .markdown-content h2, .meeting-log-content h2 {
            color: #232f3e;
            font-size: 1.5rem;
            margin: 25px 0 15px 0;
        }
        
        .markdown-content h3, .meeting-log-content h3 {
            color: #232f3e;
            font-size: 1.3rem;
            margin: 20px 0 10px 0;
        }
        
        .markdown-content h4, .meeting-log-content h4 {
            color: #232f3e;
            font-size: 1.1rem;
            margin: 15px 0 8px 0;
        }
        
        .markdown-content p, .meeting-log-content p {
            margin-bottom: 15px;
        }
        
        .markdown-content ul, .markdown-content ol, .meeting-log-content ul, .meeting-log-content ol {
            margin: 15px 0;
            padding-left: 25px;
        }
        
        .markdown-content li, .meeting-log-content li {
            margin: 8px 0;
        }
        
        .markdown-content blockquote, .meeting-log-content blockquote {
            border-left: 4px solid #ff9900;
            padding-left: 20px;
            margin: 20px 0;
            font-style: italic;
            color: #666;
        }
        
        .markdown-content code, .meeting-log-content code {
            background: #f6f8fa;
            padding: 3px 6px;
            border-radius: 3px;
            font-family: 'Courier New', monospace;
            font-size: 0.9rem;
        }
        
        .markdown-content pre, .meeting-log-content pre {
            background: #f6f8fa;
            padding: 20px;
            border-radius: 6px;
            overflow-x: auto;
            margin: 20px 0;
        }
        
        .bant-grid {
            display: grid;
            grid-template-columns: repeat(auto-fit, minmax(280px, 1fr));
            gap: 20px;
        }
        
        .bant-item {
            background: #f8f9fa;
            border-radius: 8px;
            padding: 20px;
            border-left: 4px solid #ff9900;
        }
        
        .bant-label {
            font-weight: 600;
            color: #232f3e;
            margin-bottom: 10px;
            font-size: 1.1rem;
        }
        
        .bant-content {
            color: #555;
            line-height: 1.6;
        }
        
        .services-grid {
            display: grid;
            grid-template-columns: repeat(auto-fit, minmax(300px, 1fr));
            gap: 25px;
        }
        
        .service-card {
            border: 1px solid #e1e4e8;
            border-radius: 8px;
            padding: 25px;
            background: white;
            box-shadow: 0 2px 4px rgba(0,0,0,0.05);
        }
        
        .service-title {
            font-size: 1.3rem;
            font-weight: 600;
            color: #232f3e;
            margin-bottom: 15px;
        }
        
        .service-section {
            margin-bottom: 15px;
        }
        
        .service-section-title {
            font-weight: 600;
            color: #666;
            margin-bottom: 8px;
            font-size: 0.95rem;
        }
        
        .service-section-content {
            color: #555;
            line-height: 1.5;
        }
        
        .cases-list {
            display: flex;
            flex-direction: column;
            gap: 25px;
        }
        
        .case-card {
            border: 1px solid #e1e4e8;
            border-radius: 8px;
            background: #fafbfc;
            padding: 25px;
        }
        
        .case-title {
            font-size: 1.3rem;
            font-weight: 600;
            color: #232f3e;
            margin-bottom: 15px;
        }
        
        .case-section {
            margin-bottom: 15px;
        }
        
        .case-section:last-child {
            margin-bottom: 0;
        }
        
        .case-section-title {
            font-weight: 600;
            color: #666;
            margin-bottom: 8px;
            font-size: 0.95rem;
        }
        
        .case-section-content {
            color: #555;
            line-height: 1.6;
        }
        
        .footer {
            background: #f8f9fa;
            padding: 30px;
            text-align: center;
            color: #666;
            border-top: 1px solid #e9ecef;
        }
        
        .footer-info {
            display: flex;
            justify-content: center;
            gap: 30px;
            flex-wrap: wrap;
            margin-bottom: 15px;
        }
        
        .footer-item {
            font-size: 0.9rem;
        }
        
        .no-data {
            text-align: center;
            color: #999;
            font-style: italic;
            padding: 30px;
            background: #f8f9fa;
            border-radius: 6px;
        }
        
        @media print {
            body {
                background: white;
                padding: 0;
            }
            
            .container {
                box-shadow: none;
                border-radius: 0;
            }
            
            .section {
                page-break-inside: avoid;
            }
            
            .two-column-layout {
                grid-template-columns: 1fr;
            }
        }
        
        @media (max-width: 1200px) {
            .two-column-layout {
                grid-template-columns: 1fr;
                gap: 30px;
            }
        }
        
        @media (max-width: 768px) {
            .header h1 {
                font-size: 2rem;
            }
            
            .content {
                padding: 20px;
            }
            
            .info-grid {
                grid-template-columns: 1fr;
            }
            
            .bant-grid {
                grid-template-columns: 1fr;
            }
            
            .services-grid {
                grid-template-columns: 1fr;
            }
            
            .footer-info {
                flex-direction: column;
                gap: 10px;
            }
        }
    </style>
</head>
<body>
    <div class=""container"">
        <div class=""header"">
            <h1>AWS PreChat ë¯¸íŒ… ë¡œê·¸ ë¦¬í¬íŠ¸</h1>
            <div class=""subtitle"">ì‚¬ì „ìƒë‹´ ëŒ€í™” ë¶„ì„ + ë¯¸íŒ… ë¡œê·¸</div>
        </div>
        
        <div class=""content"">
            <!-- Customer Information -->
            <div class=""section"">
                <h2 class=""section-title"">ê³ ê° ì •ë³´</h2>
                <div class=""customer-info"">
                    <div class=""info-grid"">
                        <div class=""info-item"">
                            <div class=""info-label"">ê³ ê°ëª…</div>
                            <div class=""info-value"">",,Template literal span in utils/htmlExport.ts,utils/htmlExport.ts
title_style_margin_0_padding_0_box_sizin_b2a0cecf,"</title>
    <style>
        * {
            margin: 0;
            padding: 0;
            box-sizing: border-box;
        }
        
        body {
            font-family: 'Segoe UI', Tahoma, Geneva, Verdana, sans-serif;
            line-height: 1.6;
            color: #333;
            background-color: #f8f9fa;
            padding: 20px;
        }
        
        .container {
            max-width: 1200px;
            margin: 0 auto;
            background: white;
            border-radius: 12px;
            box-shadow: 0 4px 6px rgba(0, 0, 0, 0.1);
            overflow: hidden;
        }
        
        .header {
            background: linear-gradient(135deg, #232f3e 0%, #131a22 100%);
            color: white;
            padding: 40px;
            text-align: center;
        }
        
        .header h1 {
            font-size: 2.5rem;
            margin-bottom: 10px;
            font-weight: 300;
        }
        
        .header .subtitle {
            font-size: 1.1rem;
            opacity: 0.9;
        }
        
        .content {
            padding: 40px;
        }
        
        .section {
            margin-bottom: 40px;
            border-bottom: 1px solid #e9ecef;
            padding-bottom: 30px;
        }
        
        .section:last-child {
            border-bottom: none;
            margin-bottom: 0;
        }
        
        .section-title {
            font-size: 1.8rem;
            color: #232f3e;
            margin-bottom: 20px;
            padding-bottom: 10px;
            border-bottom: 3px solid #ff9900;
            display: inline-block;
        }
        
        .customer-info {
            background: #f8f9fa;
            padding: 25px;
            border-radius: 8px;
            margin-bottom: 30px;
        }
        
        .info-grid {
            display: grid;
            grid-template-columns: repeat(auto-fit, minmax(250px, 1fr));
            gap: 20px;
        }
        
        .info-item {
            background: white;
            padding: 15px;
            border-radius: 6px;
            border-left: 4px solid #ff9900;
        }
        
        .info-label {
            font-weight: 600;
            color: #666;
            font-size: 0.9rem;
            margin-bottom: 5px;
        }
        
        .info-value {
            font-size: 1.1rem;
            color: #333;
        }
        
        .markdown-content {
            background: #ffffff;
            border: 1px solid #e1e4e8;
            border-radius: 8px;
            padding: 30px;
            box-shadow: 0 2px 4px rgba(0,0,0,0.05);
            line-height: 1.7;
        }
        
        .markdown-content h1 {
            color: #232f3e;
            font-size: 1.8rem;
            margin-bottom: 20px;
            border-bottom: 2px solid #ff9900;
            padding-bottom: 10px;
        }
        
        .markdown-content h2 {
            color: #232f3e;
            font-size: 1.5rem;
            margin: 25px 0 15px 0;
        }
        
        .markdown-content h3 {
            color: #232f3e;
            font-size: 1.3rem;
            margin: 20px 0 10px 0;
        }
        
        .markdown-content h4 {
            color: #232f3e;
            font-size: 1.1rem;
            margin: 15px 0 8px 0;
        }
        
        .markdown-content p {
            margin-bottom: 15px;
        }
        
        .markdown-content ul, .markdown-content ol {
            margin: 15px 0;
            padding-left: 25px;
        }
        
        .markdown-content li {
            margin: 8px 0;
        }
        
        .markdown-content blockquote {
            border-left: 4px solid #ff9900;
            padding-left: 20px;
            margin: 20px 0;
            font-style: italic;
            color: #666;
        }
        
        .markdown-content code {
            background: #f6f8fa;
            padding: 3px 6px;
            border-radius: 3px;
            font-family: 'Courier New', monospace;
            font-size: 0.9rem;
        }
        
        .markdown-content pre {
            background: #f6f8fa;
            padding: 20px;
            border-radius: 6px;
            overflow-x: auto;
            margin: 20px 0;
        }
        
        .bant-grid {
            display: grid;
            grid-template-columns: repeat(auto-fit, minmax(280px, 1fr));
            gap: 20px;
        }
        
        .bant-item {
            background: #f8f9fa;
            border-radius: 8px;
            padding: 20px;
            border-left: 4px solid #ff9900;
        }
        
        .bant-label {
            font-weight: 600;
            color: #232f3e;
            margin-bottom: 10px;
            font-size: 1.1rem;
        }
        
        .bant-content {
            color: #555;
            line-height: 1.6;
        }
        
        .services-grid {
            display: grid;
            grid-template-columns: repeat(auto-fit, minmax(350px, 1fr));
            gap: 25px;
        }
        
        .service-card {
            border: 1px solid #e1e4e8;
            border-radius: 8px;
            padding: 25px;
            background: white;
            box-shadow: 0 2px 4px rgba(0,0,0,0.05);
        }
        
        .service-title {
            font-size: 1.3rem;
            font-weight: 600;
            color: #232f3e;
            margin-bottom: 15px;
        }
        
        .service-section {
            margin-bottom: 15px;
        }
        
        .service-section-title {
            font-weight: 600;
            color: #666;
            margin-bottom: 8px;
            font-size: 0.95rem;
        }
        
        .service-section-content {
            color: #555;
            line-height: 1.5;
        }
        
        .cases-list {
            display: flex;
            flex-direction: column;
            gap: 25px;
        }
        
        .case-card {
            border: 1px solid #e1e4e8;
            border-radius: 8px;
            background: #fafbfc;
            padding: 25px;
        }
        
        .case-title {
            font-size: 1.3rem;
            font-weight: 600;
            color: #232f3e;
            margin-bottom: 15px;
        }
        
        .case-section {
            margin-bottom: 15px;
        }
        
        .case-section:last-child {
            margin-bottom: 0;
        }
        
        .case-section-title {
            font-weight: 600;
            color: #666;
            margin-bottom: 8px;
            font-size: 0.95rem;
        }
        
        .case-section-content {
            color: #555;
            line-height: 1.6;
        }
        
        .footer {
            background: #f8f9fa;
            padding: 30px;
            text-align: center;
            color: #666;
            border-top: 1px solid #e9ecef;
        }
        
        .footer-info {
            display: flex;
            justify-content: center;
            gap: 30px;
            flex-wrap: wrap;
            margin-bottom: 15px;
        }
        
        .footer-item {
            font-size: 0.9rem;
        }
        
        .no-data {
            text-align: center;
            color: #999;
            font-style: italic;
            padding: 30px;
            background: #f8f9fa;
            border-radius: 6px;
        }
        
        @media print {
            body {
                background: white;
                padding: 0;
            }
            
            .container {
                box-shadow: none;
                border-radius: 0;
            }
            
            .section {
                page-break-inside: avoid;
            }
        }
        
        @media (max-width: 768px) {
            .header h1 {
                font-size: 2rem;
            }
            
            .content {
                padding: 20px;
            }
            
            .info-grid {
                grid-template-columns: 1fr;
            }
            
            .bant-grid {
                grid-template-columns: 1fr;
            }
            
            .services-grid {
                grid-template-columns: 1fr;
            }
            
            .footer-info {
                flex-direction: column;
                gap: 10px;
            }
        }
    </style>
</head>
<body>
    <div class=""container"">
        <div class=""header"">
            <h1>AI ë¶„ì„ ë¦¬í¬íŠ¸</h1>
            <div class=""subtitle"">ì‚¬ì „ìƒë‹´ ëŒ€í™” ë¶„ì„ ê²°ê³¼</div>
        </div>
        
        <div class=""content"">
            <!-- Customer Information -->
            <div class=""section"">
                <h2 class=""section-title"">ê³ ê° ì •ë³´</h2>
                <div class=""customer-info"">
                    <div class=""info-grid"">
                        <div class=""info-item"">
                            <div class=""info-label"">ê³ ê°ëª…</div>
                            <div class=""info-value"">",,Template literal span in utils/htmlExport.ts,utils/htmlExport.ts
unknown,Unknown,,String literal in pages/admin/AdminSessionDetails.tsx,pages/admin/AdminSessionDetails.tsx
updated_successfully,""" updated successfully!",,Template literal span in pages/admin/EditAgent.tsx,pages/admin/EditAgent.tsx
updating,Updating,,JSX text content in components/StatusBadge.tsx,components/StatusBadge.tsx; pages/admin/AgentsDashboard.tsx
upload_url,/upload-url,,Template literal span in services/api.ts,services/api.ts
verify_pin,/verify-pin,,Template literal span in services/api.ts,services/api.ts
you_at,You at,,Template literal head in components/ChatMessage.tsx,components/ChatMessage.tsx