key,korean,english,context,files,status
actions,Actions,,JSX text content in pages/admin/AdminDashboard.tsx,pages/admin/AdminDashboard.tsx; pages/admin/AgentsDashboard.tsx,needs_translation
active,Active,,JSX text content in components/StatusBadge.tsx,components/StatusBadge.tsx; pages/admin/AdminSessionDetails.tsx,needs_translation
admin_portal,Admin Portal,,JSX text content in pages/auth/Login.tsx,pages/auth/Login.tsx,needs_translation
agent,"Agent """,,Template literal head in pages/admin/CreateAgent.tsx,pages/admin/CreateAgent.tsx; pages/admin/EditAgent.tsx,needs_translation
agent_instructions,Agent Instructions,,JSX text content in pages/admin/CreateAgent.tsx,pages/admin/CreateAgent.tsx; pages/admin/EditAgent.tsx,needs_translation
ai_mixed_4b9ad9,AIë¶„ì„ë¦¬í¬íŠ¸_,,Template literal head in components/AIAnalysisReport.tsx,components/AIAnalysisReport.tsx,needs_translation
ai_mixed_59286a,"ë¯¸íŒ… ë¡œê·¸ë¥¼ ì €ì¥í•œ í›„ ""ì¬ë¶„ì„"" ë²„íŠ¼ì„ í´ë¦­í•˜ë©´, ì‚¬ì „ìƒë‹´ ëŒ€í™” ë‚´ìš©ê³¼ ë¯¸íŒ… ë¡œê·¸ë¥¼ ëª¨ë‘ ê³ ë ¤í•˜ì—¬ AIê°€ ì¢Œì¸¡ì˜ ë¶„ì„ ê²°ê³¼ë¥¼ ì—…ë°ì´íŠ¸í•©ë‹ˆë‹¤.",,JSX text content in components/MeetingLogView.tsx,components/MeetingLogView.tsx,needs_translation
ai_mixed_993127,AI ë¶„ì„,,JSX text content in components/AIAnalysisReport.tsx,components/AIAnalysisReport.tsx; components/MeetingLogView.tsx,needs_translation
ai_mixed_cd76bb,"ìœ„ì˜ ""AI ë¶„ì„ ì‹œì‘"" ë²„íŠ¼ì„ í´ë¦­í•˜ì—¬ ëŒ€í™” ë‚´ìš©ì„ ë¶„ì„í•´ë³´ì„¸ìš”.",,JSX text content in components/AIAnalysisReport.tsx,components/AIAnalysisReport.tsx,needs_translation
amazon_web_services,Amazon Web Services,,String literal in components/TopNavigation.tsx,components/TopNavigation.tsx,needs_translation
analysis_23df3b00,)ì´ ëŒ€í™” ë‚´ìš©ì„ ë¶„ì„í•˜ê³  ìˆìŠµë‹ˆë‹¤...,,JSX text content in components/AIAnalysisReport.tsx,components/AIAnalysisReport.tsx,needs_translation
analysis_4c01fcdc,ëŒ€í™” ë¶„ì„,,String literal in pages/admin/AdminDashboard.tsx,pages/admin/AdminDashboard.tsx,needs_translation
analysis_6e75ac42,"""ì¬ë¶„ì„"" ë²„íŠ¼ì„ í´ë¦­í•˜ì—¬ ëŒ€í™” ë‚´ìš©ê³¼ ë¯¸íŒ… ë¡œê·¸ë¥¼ í•¨ê»˜ ë¶„ì„í•´ë³´ì„¸ìš”.",,JSX text content in components/MeetingLogView.tsx,components/MeetingLogView.tsx,needs_translation
analysis_7d2725cb,ë¶„ì„ ëª¨ë¸ ì„ íƒ,,JSX text content in components/AIAnalysisReport.tsx,components/AIAnalysisReport.tsx; components/MeetingLogView.tsx,needs_translation
analysis_bcfd38f9,)ì´ ëŒ€í™” ë‚´ìš©ê³¼ ë¯¸íŒ… ë¡œê·¸ë¥¼ í•¨ê»˜ ë¶„ì„í•˜ê³  ìˆìŠµë‹ˆë‹¤...,,JSX text content in components/MeetingLogView.tsx,components/MeetingLogView.tsx,needs_translation
analysis_fe53b01e,ë¶„ì„ ì™„ë£Œ:,,JSX text content in components/AIAnalysisReport.tsx,components/AIAnalysisReport.tsx; components/MeetingLogView.tsx,needs_translation
assistant,Assistant,,String literal in pages/admin/AdminSessionDetails.tsx,pages/admin/AdminSessionDetails.tsx,needs_translation
assistant_at,Assistant at,,Template literal head in components/ChatMessage.tsx,components/ChatMessage.tsx; components/StreamingChatMessage.tsx,needs_translation
authority_mixed_279d34,Authority (ê¶Œí•œ),,JSX text content in components/AIAnalysisReport.tsx,components/AIAnalysisReport.tsx; components/MeetingLogView.tsx,needs_translation
aws_ai_mixed_51e5ce,AWS ë§Œë‚¨ì „ì— AI ì—ì´ì „íŠ¸ì™€ ëŒ€í™”í•˜ì—¬ ë…¼ì˜ ì£¼ì œì™€ ê¸°ëŒ€ì‚¬í•­ì„ ê³µìœ í•´ ì£¼ì„¸ìš”.,,JSX text content in components/Layout.tsx,components/Layout.tsx,needs_translation
aws_mixed_3e64ae,AWS íŒŒíŠ¸ë„ˆ í”„ë¡œê·¸ë¨ì´ë‚˜ íŒŒíŠ¸ë„ˆì‚¬ì™€ì˜ í˜‘ì—…ì„ ë¬¸ì˜í•˜ì‹œë‚˜ìš”?,,String literal in components/ConsultationPurposeSelector.tsx,components/ConsultationPurposeSelector.tsx,needs_translation
aws_mixed_5d79d8,ğŸ’¡ ì—…ë¡œë“œëœ íŒŒì¼ì€ AWS ë‹´ë‹¹ìê°€ ì‚¬ì „ ê²€í† í•˜ì—¬ ë”ìš± íš¨ê³¼ì ì¸ ë¯¸íŒ…ì„ ì¤€ë¹„í•  ìˆ˜ ìˆìŠµë‹ˆë‹¤.,,JSX text content in components/FileUpload.tsx,components/FileUpload.tsx,needs_translation
aws_mixed_64d754,AWS í´ë¼ìš°ë“œ ì„œë¹„ìŠ¤ ì‹ ê·œ ë„ì…ì„ ê²€í† í•˜ê³  ê³„ì‹ ê°€ìš”?,,String literal in components/ConsultationPurposeSelector.tsx,components/ConsultationPurposeSelector.tsx,needs_translation
aws_mixed_67cd9d,í˜„ì¬ ì‚¬ìš© ì¤‘ì¸ AWS ì„œë¹„ìŠ¤ì˜ ê¸°ìˆ ì  ì´ìŠˆë‚˜ ê°œì„  ë°©ì•ˆì„ ë¬¸ì˜í•˜ì‹œë‚˜ìš”?,,String literal in components/ConsultationPurposeSelector.tsx,components/ConsultationPurposeSelector.tsx,needs_translation
aws_mixed_a22600,ì¶”ì²œ AWS ì„œë¹„ìŠ¤ê°€ ìƒì„±ë˜ì§€ ì•Šì•˜ìŠµë‹ˆë‹¤.,,JSX text content in components/AIAnalysisReport.tsx,components/AIAnalysisReport.tsx; components/MeetingLogView.tsx,needs_translation
aws_mixed_acc690,ê¸°ì¡´ ì‹œìŠ¤í…œì„ AWSë¡œ ì´ì „í•˜ëŠ” ë°©ì•ˆì„ ë…¼ì˜í•˜ê³  ì‹¶ìœ¼ì‹ ê°€ìš”?,,String literal in components/ConsultationPurposeSelector.tsx,components/ConsultationPurposeSelector.tsx,needs_translation
aws_mixed_bed119,ì¶”ì²œ AWS ì„œë¹„ìŠ¤,,JSX text content in components/AIAnalysisReport.tsx,components/AIAnalysisReport.tsx; components/MeetingLogView.tsx,needs_translation
aws_mixed_f78bba,AWS ì‚¬ìš© ë¹„ìš©ì„ ìµœì í™”í•˜ê³  íš¨ìœ¨ì„±ì„ ë†’ì´ê³  ì‹¶ìœ¼ì‹ ê°€ìš”?,,String literal in components/ConsultationPurposeSelector.tsx,components/ConsultationPurposeSelector.tsx,needs_translation
aws_prechat,AWS PreChat,,JSX text content in components/PageHeader.tsx,components/PageHeader.tsx,needs_translation
aws_prechat_aws_mixed_3049d8,"ì•ˆë…•í•˜ì„¸ìš” ì €ëŠ” AWS PreChat ì…ë‹ˆë‹¤. ì €ëŠ” ê³ ê°ë‹˜ì˜ í´ë¼ìš°ë“œ ì‚¬ìš©ì„ ì„±ê³µì ìœ¼ë¡œ ë•ê¸°ìœ„í•´ ì–˜ê¸°ë¥¼ ë‚˜ëˆ„ê³  ì‹¶ìŠµë‹ˆë‹¤.

  ì €í¬ì™€ ë§Œë‚¨ì „ì— ë…¼ì˜í•  ë‚´ìš©ê³¼ ê¸°ëŒ€í•˜ì‹œëŠ” ë‚´ìš©ì„ ì•Œë ¤ì£¼ì„¸ìš”! ì í•©í•œ AWS ë‹´ë‹¹ìê»˜ ì „ë‹¬í•´ ë“œë¦¬ê² ìŠµë‹ˆë‹¤.
  
  ì•„í‚¤í…ì²˜ ë‹¤ì´ì–´ê·¸ë¨ê³¼ ê°™ì´ ë¯¸íŒ…ì— ë„ì›€ì´ ë  ìœ ì²¨íŒŒì¼ì„ ì œê³µí•´ ì£¼ì‹œë©´ í•¨ê»˜ í™•ì¸í•˜ê² ìŠµë‹ˆë‹¤.",,Template literal in pages/customer/CustomerChat.tsx,pages/customer/CustomerChat.tsx,needs_translation
aws_prechat_is_a_conversational_ai_web_s,"AWS PreChat is a conversational AI web system designed to streamline the pre-meeting preparation process between AWS sales teams and customers. The system replaces traditional Excel-based forms with an intuitive chatbot interface that guides customers through a structured conversation to collect business requirements, technical constraints, and project timelines. The collected information is then processed and presented to AWS sales representatives and engineers in an organized, actionable format.",,JSX text content in components/PageHeader.tsx,components/PageHeader.tsx,needs_translation
aws_prechat_mixed_45e21b,AWS PreChat ì„œë¹„ìŠ¤ ì´ìš©ê³¼ ê´€ë ¨ëœ ê°œì¸ì •ë³´ ì²˜ë¦¬ë°©ì¹¨ ë° ì„œë¹„ìŠ¤ ì´ìš©ì•½ê´€ì…ë‹ˆë‹¤.,,JSX text content in components/PrivacyTermsModal.tsx,components/PrivacyTermsModal.tsx,needs_translation
back_to_sign_up,Back to Sign Up,,JSX text content in pages/auth/Login.tsx,pages/auth/Login.tsx,needs_translation
bant_mixed_cdfa13,BANT ë¶„ì„,,JSX text content in components/AIAnalysisReport.tsx,components/AIAnalysisReport.tsx; components/MeetingLogView.tsx,needs_translation
bant_mixed_d35eff,BANT ë¶„ì„ ê²°ê³¼ê°€ ìƒì„±ë˜ì§€ ì•Šì•˜ìŠµë‹ˆë‹¤.,,JSX text content in components/AIAnalysisReport.tsx,components/AIAnalysisReport.tsx; components/MeetingLogView.tsx,needs_translation
bearer,Bearer,,Template literal head in services/api.ts,services/api.ts; services/auth.ts,needs_translation
bedrock_quota_mixed_159a7b,Bedrock Quota ê°€ í•œì •ëœ í™˜ê²½ì´ë¯€ë¡œ ì–´ì‹œìŠ¤í„´ìŠ¤ ì‘ë‹µì— ìŠ¤ë¡œí‹€ë§ì´ ë°œìƒí•  ìˆ˜ ìˆìŠµë‹ˆë‹¤.,,JSX text content in components/BedrockQuotaNotification.tsx,components/BedrockQuotaNotification.tsx,needs_translation
budget_mixed_7317c4,Budget (ì˜ˆì‚°),,JSX text content in components/AIAnalysisReport.tsx,components/AIAnalysisReport.tsx; components/MeetingLogView.tsx,needs_translation
company,Company,,JSX text content in pages/admin/AdminSessionDetails.tsx,pages/admin/AdminSessionDetails.tsx,needs_translation
completed,Completed,,JSX text content in components/StatusBadge.tsx,components/StatusBadge.tsx; pages/admin/AdminSessionDetails.tsx,needs_translation
confirm_75e0bcad,ì‚¬ì „ìƒë‹´ ë‚´ìš©ì„ í™•ì¸í•©ë‹ˆë‹¤,,JSX text content in pages/admin/AdminSessionDetails.tsx,pages/admin/AdminSessionDetails.tsx,needs_translation
confirm_a2770843,ì„¸ì…˜ì´ ì™„ë£Œë˜ë©´ ê³ ê° í”¼ë“œë°±ì„ í™•ì¸í•  ìˆ˜ ìˆìŠµë‹ˆë‹¤.,,String literal in pages/admin/AdminSessionDetails.tsx,pages/admin/AdminSessionDetails.tsx,needs_translation
confirm_ca1175c3,)ì—ê²Œ í™•ì¸í•˜ì„¸ìš”,,Template literal span in pages/admin/AdminDashboard.tsx,pages/admin/AdminDashboard.tsx,needs_translation
confirm_email,Confirm Email,,String literal in pages/auth/Login.tsx,pages/auth/Login.tsx,needs_translation
confirm_f32a7b34,: ê¸°ìˆ ì  ì œì•½ì‚¬í•­ê³¼ ì„ í˜¸ì‚¬í•­ì„ í™•ì¸,,JSX text content in components/FileUpload.tsx,components/FileUpload.tsx,needs_translation
confirmation_code,Confirmation Code,,JSX attribute: label in pages/auth/Login.tsx,pages/auth/Login.tsx,needs_translation
consultation_0de1a081,ìƒë‹´ ëª©ì ,,JSX text content in pages/admin/AdminSessionDetails.tsx,pages/admin/AdminSessionDetails.tsx,needs_translation
consultation_214bbac5,ì‚¬ì „ìƒë‹´ ê²½í—˜ì€ ì–´ë– ì…¨ë‚˜ìš”? ì†Œì¤‘í•œ í”¼ë“œë°±ì„ ë‚¨ê²¨ì£¼ì„¸ìš”.,,JSX text content in components/FeedbackModal.tsx,components/FeedbackModal.tsx,needs_translation
consultation_5a083bec,ì‚¬ì „ìƒë‹´ í”¼ë“œë°±,,JSX text content in components/FeedbackModal.tsx,components/FeedbackModal.tsx,needs_translation
consultation_5e21ae53,ìƒë‹´ ëª©ì ì„ ì„ íƒí•´ ì£¼ì„¸ìš”,,JSX text content in components/ConsultationPurposeSelector.tsx,components/ConsultationPurposeSelector.tsx,needs_translation
consultation_7cd438a4,ë§ˆì´ê·¸ë ˆì´ì…˜ ìƒë‹´,,String literal in components/ConsultationPurposeSelector.tsx,components/ConsultationPurposeSelector.tsx,needs_translation
consultation_a6e99d56,ìƒë‹´ëª©ì :,,JSX text content in pages/admin/AdminDashboard.tsx,pages/admin/AdminDashboard.tsx,needs_translation
consultation_b3a12a85,ìƒë‹´ ëª©ì :,,Template literal head in pages/customer/CustomerChat.tsx,pages/customer/CustomerChat.tsx,needs_translation
consultation_d976e307,ì„ íƒëœ ìƒë‹´ ëª©ì ,,JSX text content in components/ConsultationPurposeSelector.tsx,components/ConsultationPurposeSelector.tsx,needs_translation
consultation_dafee129,ë” ì •í™•í•œ ìƒë‹´ì„ ìœ„í•´ ì¶”ê°€ ìë£Œë¥¼ ì œê³µí•´ ì£¼ì‹œë©´ ë„ì›€ì´ ë©ë‹ˆë‹¤.,,JSX text content in components/FileUpload.tsx,components/FileUpload.tsx,needs_translation
consultation_e39c4579,ìƒˆ ìƒë‹´ ì„¸ì…˜ì„ ë§Œë“­ë‹ˆë‹¤ ğŸ’¬,,JSX text content in pages/admin/CreateSession.tsx,pages/admin/CreateSession.tsx,needs_translation
consultation_ef0d8ca4,ë¹„ìš© ìµœì í™” ìƒë‹´,,String literal in components/ConsultationPurposeSelector.tsx,components/ConsultationPurposeSelector.tsx,needs_translation
consultation_f3d1727b,ìµœì†Œ í•˜ë‚˜ ì´ìƒì˜ ìƒë‹´ ëª©ì ì„ ì„ íƒí•´ ì£¼ì„¸ìš”.,,JSX text content in components/ConsultationPurposeSelector.tsx,components/ConsultationPurposeSelector.tsx,needs_translation
consultation_f8076c11,ì‚¬ì „ìƒë‹´ ê²½í—˜ ì ìˆ˜,,JSX attribute: label in components/FeedbackModal.tsx,components/FeedbackModal.tsx,needs_translation
conversation,Conversation,,String literal in pages/admin/AdminSessionDetails.tsx,pages/admin/AdminSessionDetails.tsx,needs_translation
copy,Copy,,String literal in components/ChatMessage.tsx,components/ChatMessage.tsx; components/StreamingChatMessage.tsx,needs_translation
copy_pin,Copy PIN,,JSX text content in pages/admin/CreateSession.tsx,pages/admin/CreateSession.tsx,needs_translation
copy_url,Copy URL,,JSX text content in pages/admin/CreateSession.tsx,pages/admin/CreateSession.tsx,needs_translation
copyright_c_2025_aws_prechat,Copyright (c) 2025 AWS PreChat,,JSX text content in components/Layout.tsx,components/Layout.tsx,needs_translation
create_a_password,Create a password,,JSX attribute: placeholder in pages/auth/Login.tsx,pages/auth/Login.tsx,needs_translation
create_account,Create Account,,JSX text content in pages/auth/Login.tsx,pages/auth/Login.tsx,needs_translation
created,Created,,JSX text content in pages/admin/AdminSessionDetails.tsx,pages/admin/AdminSessionDetails.tsx,needs_translation
created_successfully,""" created successfully!",,Template literal span in pages/admin/CreateAgent.tsx,pages/admin/CreateAgent.tsx,needs_translation
creating,Creating,,JSX text content in components/StatusBadge.tsx,components/StatusBadge.tsx; pages/admin/AgentsDashboard.tsx,needs_translation
csat_mixed_1ff51e,ê³ ê° í”¼ë“œë°± (CSAT),,JSX text content in pages/admin/AdminSessionDetails.tsx,pages/admin/AdminSessionDetails.tsx,needs_translation
csv_mixed_0e08ff,CSV íŒŒì¼ ë‹¤ìš´ë¡œë“œ:,,JSX text content in pages/admin/CreateSession.tsx,pages/admin/CreateSession.tsx,needs_translation
csv_mixed_48cb1e,CSV íŒŒì¼ì´ ìë™ìœ¼ë¡œ ë‹¤ìš´ë¡œë“œë˜ì—ˆìŠµë‹ˆë‹¤.,,JSX text content in pages/admin/CreateSession.tsx,pages/admin/CreateSession.tsx,needs_translation
csv_mixed_9c9dbf,ì§„ì… ì •ë³´ CSV,,String literal in pages/admin/AdminDashboard.tsx,pages/admin/AdminDashboard.tsx,needs_translation
current_user_email,Current user email,,String literal in pages/admin/CreateSession.tsx,pages/admin/CreateSession.tsx,needs_translation
customer,Customer,,JSX text content in pages/admin/AdminSessionDetails.tsx,pages/admin/AdminSessionDetails.tsx,needs_translation
customer_company,Customer Company,,JSX attribute: label in pages/admin/CreateSession.tsx,pages/admin/CreateSession.tsx,needs_translation
customer_email,Customer Email,,JSX attribute: label in pages/admin/CreateSession.tsx,pages/admin/CreateSession.tsx,needs_translation
customer_name,Customer Name,,JSX attribute: label in pages/admin/CreateSession.tsx,pages/admin/CreateSession.tsx,needs_translation
customer_title,Customer Title,,JSX attribute: label in pages/admin/CreateSession.tsx,pages/admin/CreateSession.tsx,needs_translation
delete,Delete,,String literal in pages/admin/AdminDashboard.tsx,pages/admin/AdminDashboard.tsx,needs_translation
delete_b32553c0,ì´ ëŒ“ê¸€ì„ ì‚­ì œí•˜ì‹œê² ìŠµë‹ˆê¹Œ? ì‚­ì œëœ ëŒ“ê¸€ì€ ë³µêµ¬í•  ìˆ˜ ì—†ìŠµë‹ˆë‹¤.,,JSX text content in components/DiscussionTab.tsx,components/DiscussionTab.tsx,needs_translation
delete_c689deef,ì •ë§ë¡œ ì´ íŒŒì¼ì„ ì‚­ì œí•˜ì‹œê² ìŠµë‹ˆê¹Œ?,,String literal in components/FileUpload.tsx,components/FileUpload.tsx; components/SessionAttachments.tsx,needs_translation
deleting,Deleting,,JSX text content in components/StatusBadge.tsx,components/StatusBadge.tsx; pages/admin/AgentsDashboard.tsx,needs_translation
discussion,Discussion,,JSX text content in components/DiscussionTab.tsx,components/DiscussionTab.tsx; pages/admin/AdminSessionDetails.tsx,needs_translation
edit_c864820a,ì—ì´ì „íŠ¸ í¸ì§‘,,String literal in pages/admin/AgentsDashboard.tsx,pages/admin/AgentsDashboard.tsx,needs_translation
email,Email,,JSX attribute: label in pages/auth/Login.tsx,pages/auth/Login.tsx,needs_translation
end_of_file_mixed_b8d4bd,ëŒ€í™” ì¢…ë£Œ í† í° (End of File),,String literal in components/PlaceholderTooltip.tsx,components/PlaceholderTooltip.tsx,needs_translation
enter_6_digit_code,Enter 6-digit code,,JSX attribute: placeholder in pages/auth/Login.tsx,pages/auth/Login.tsx,needs_translation
enter_agent_instructions,Enter agent instructions...,,JSX attribute: placeholder in pages/admin/CreateAgent.tsx,pages/admin/CreateAgent.tsx; pages/admin/EditAgent.tsx,needs_translation
enter_agent_name,Enter agent name,,JSX attribute: placeholder in pages/admin/EditAgent.tsx,pages/admin/EditAgent.tsx,needs_translation
enter_customer_company,Enter customer company,,JSX attribute: placeholder in pages/admin/CreateSession.tsx,pages/admin/CreateSession.tsx,needs_translation
enter_customer_email,Enter customer email,,JSX attribute: placeholder in pages/admin/CreateSession.tsx,pages/admin/CreateSession.tsx,needs_translation
enter_customer_name,Enter customer name,,JSX attribute: placeholder in pages/admin/CreateSession.tsx,pages/admin/CreateSession.tsx,needs_translation
enter_mixed_9a5744,"ğŸ’¡ Enterë¡œ ì¤„ë°”ê¿ˆ, ì „ì†¡ ë²„íŠ¼ìœ¼ë¡œ ë©”ì‹œì§€ ì „ì†¡",,JSX text content in components/MultilineChatInput.tsx,components/MultilineChatInput.tsx,needs_translation
enter_mixed_e6782b,Enter ì—ì´ì „íŠ¸ ì´ë¦„,,JSX attribute: placeholder in pages/admin/CreateAgent.tsx,pages/admin/CreateAgent.tsx,needs_translation
enter_your_email,Enter your email,,JSX attribute: placeholder in pages/auth/Login.tsx,pages/auth/Login.tsx,needs_translation
enter_your_email_address,Enter your email address,,JSX attribute: placeholder in pages/auth/Login.tsx,pages/auth/Login.tsx,needs_translation
enter_your_full_name,Enter your full name,,JSX attribute: placeholder in pages/auth/Login.tsx,pages/auth/Login.tsx,needs_translation
enter_your_password,Enter your password,,JSX attribute: placeholder in pages/auth/Login.tsx,pages/auth/Login.tsx,needs_translation
error_loading_translations_for,Error loading translations for,,Template literal head in i18n/TranslationManager.ts,i18n/TranslationManager.ts,needs_translation
expired,Expired,,JSX text content in components/StatusBadge.tsx,components/StatusBadge.tsx; pages/admin/AdminSessionDetails.tsx,needs_translation
failed,Failed,,JSX text content in components/StatusBadge.tsx,components/StatusBadge.tsx; pages/admin/AgentsDashboard.tsx,needs_translation
failed_to_load_translations_for,Failed to load translations for,,Template literal head in i18n/TranslationManager.ts,i18n/TranslationManager.ts,needs_translation
feedback,Feedback,,String literal in components/ChatMessage.tsx,components/ChatMessage.tsx; components/StreamingChatMessage.tsx,needs_translation
file_0b7ade37,íŒŒì¼ ì¤€ë¹„,,JSX text content in components/FileList.tsx,components/FileList.tsx,needs_translation
file_11f4a302,íŒŒì¼ ì„ íƒ,,JSX text content in components/FileUpload.tsx,components/FileUpload.tsx,needs_translation
file_2c7da4c6,ì²¨ë¶€íŒŒì¼ ì œê³µ,,JSX text content in pages/customer/CustomerChat.tsx,pages/customer/CustomerChat.tsx,needs_translation
file_6a286723,ì´ë¯¸ì§€ íŒŒì¼ì´ ì—†ìŠµë‹ˆë‹¤.,,JSX text content in components/ImageGallery.tsx,components/ImageGallery.tsx,needs_translation
file_b5df1518,ì²¨ë¶€ íŒŒì¼,,String literal in pages/admin/AdminSessionDetails.tsx,pages/admin/AdminSessionDetails.tsx,needs_translation
foundation_model,Foundation Model,,JSX attribute: label in pages/admin/CreateAgent.tsx,pages/admin/CreateAgent.tsx; pages/admin/EditAgent.tsx,needs_translation
full_name,Full Name,,JSX attribute: label in pages/auth/Login.tsx,pages/auth/Login.tsx,needs_translation
helpful,Helpful,,String literal in components/ChatMessage.tsx,components/ChatMessage.tsx; components/StreamingChatMessage.tsx,needs_translation
html_mixed_660e1c,HTML ì €ì¥,,JSX text content in components/AIAnalysisReport.tsx,components/AIAnalysisReport.tsx; components/MeetingLogView.tsx,needs_translation
inactivate,Inactivate,,String literal in pages/admin/AdminDashboard.tsx,pages/admin/AdminDashboard.tsx,needs_translation
inactive,Inactive,,JSX text content in components/StatusBadge.tsx,components/StatusBadge.tsx,needs_translation
invalid_csv_format_for,Invalid CSV format for,,Template literal head in i18n/TranslationManager.ts,i18n/TranslationManager.ts,needs_translation
ko_kr,ko-KR,,String literal in pages/admin/AdminSessionDetails.tsx,pages/admin/AdminSessionDetails.tsx,needs_translation
korean_002acf23,ì–´ì¹´ìš´íŠ¸ ì „ëµì— ëŒ€í•œ ì˜ê²¬ì„ ì‘ì„±í•´ì£¼ì„¸ìš”...,,JSX attribute: placeholder in components/DiscussionTab.tsx,components/DiscussionTab.tsx,needs_translation
korean_04823d40,í”¼ë“œë°± ì œì¶œ ì‹œê°„,,JSX text content in pages/admin/AdminSessionDetails.tsx,pages/admin/AdminSessionDetails.tsx,needs_translation
korean_0508c5f0,ì‚¬ë¡€ ì„¤ëª…,,JSX text content in components/AIAnalysisReport.tsx,components/AIAnalysisReport.tsx; components/MeetingLogView.tsx,needs_translation
korean_06584212,í˜„ì¬ ì•„í‚¤í…ì²˜ ë‹¤ì´ì–´ê·¸ë¨,,JSX text content in components/FileUpload.tsx,components/FileUpload.tsx,needs_translation
korean_09350831,í”¼ë“œë°± ìˆìŒ,,JSX text content in pages/admin/AdminSessionDetails.tsx,pages/admin/AdminSessionDetails.tsx,needs_translation
korean_09c04194,ë‹¤ì‹œ ì‹œë„,,JSX text content in components/AIAnalysisReport.tsx,components/AIAnalysisReport.tsx; components/MeetingLogView.tsx,needs_translation
korean_0d252f38,ë‹´ë‹¹ì ì—°ë½ì²˜,,String literal in components/PlaceholderTooltip.tsx,components/PlaceholderTooltip.tsx,needs_translation
korean_1150aa68,ì˜ˆì‹œ:,,JSX text content in components/PlaceholderTooltip.tsx,components/PlaceholderTooltip.tsx,needs_translation
korean_18e294dc,ë‹´ë‹¹ì:,,JSX text content in pages/customer/CustomerChat.tsx,pages/customer/CustomerChat.tsx,needs_translation
korean_200a2ac1,ë™ì˜ ì‹œê°„,,JSX text content in pages/admin/AdminSessionDetails.tsx,pages/admin/AdminSessionDetails.tsx,needs_translation
korean_20a761fe,"ì•ˆë…•í•˜ì„¸ìš”, ì €ëŠ”",,Template literal head in pages/customer/CustomerChat.tsx,pages/customer/CustomerChat.tsx,needs_translation
korean_20ce916b,ìƒˆ ëŒ“ê¸€ ì‘ì„±,,JSX attribute: label in components/DiscussionTab.tsx,components/DiscussionTab.tsx,needs_translation
korean_21a4ed6d,ë‹´ë‹¹ì ì´ë©”ì¼,,String literal in components/PlaceholderTooltip.tsx,components/PlaceholderTooltip.tsx,needs_translation
korean_22dd3ccb,% ì™„ë£Œ),,JSX text content in components/AIAnalysisReport.tsx,components/AIAnalysisReport.tsx; components/MeetingLogView.tsx,needs_translation
korean_230caa8c,ì—ì´ì „íŠ¸ ì¤€ë¹„,,String literal in pages/admin/AgentsDashboard.tsx,pages/admin/AgentsDashboard.tsx,needs_translation
korean_25f2f297,ê´€ë ¨ ê³ ê° ì‚¬ë¡€,,JSX text content in components/AIAnalysisReport.tsx,components/AIAnalysisReport.tsx; components/MeetingLogView.tsx,needs_translation
korean_25f3797a,: ì˜ˆìƒ íŠ¸ë˜í”½ê³¼ ë°ì´í„°ëŸ‰ ë“±,,JSX text content in components/FileUpload.tsx,components/FileUpload.tsx,needs_translation
korean_2693764c,ì›ë³¸ ì´ë¯¸ì§€,,JSX attribute: alt in components/ImageGallery.tsx,components/ImageGallery.tsx,needs_translation
korean_2a03e24d,ìš”ì•½ ë³´ê³ ì„œê°€ ìƒì„±ë˜ì§€ ì•Šì•˜ìŠµë‹ˆë‹¤.,,JSX text content in components/AIAnalysisReport.tsx,components/AIAnalysisReport.tsx; components/MeetingLogView.tsx,needs_translation
korean_2a608448,ğŸ’¡ ì—¬ëŸ¬ ì¤„ ì…ë ¥ì´ ê°€ëŠ¥í•©ë‹ˆë‹¤. ì „ì†¡í•˜ë ¤ë©´ ì•„ë˜ ì „ì†¡ ë²„íŠ¼ì„ ëˆŒëŸ¬ì£¼ì„¸ìš”.,,JSX text content in components/MultilineChatInput.tsx,components/MultilineChatInput.tsx,needs_translation
korean_2bd2b6c5,ë¯¸íŒ… ë¡œê·¸,,JSX text content in components/MeetingLogView.tsx,components/MeetingLogView.tsx; pages/admin/AdminSessionDetails.tsx,needs_translation
korean_2fb47fac,ìœ„ í•­ëª©ì— í•´ë‹¹í•˜ì§€ ì•ŠëŠ” ê¸°íƒ€ ë¬¸ì˜ì‚¬í•­ì´ ìˆìœ¼ì‹ ê°€ìš”?,,String literal in components/ConsultationPurposeSelector.tsx,components/ConsultationPurposeSelector.tsx,needs_translation
korean_332ec8fe,ì—ì´ì „íŠ¸ ì œê±°,,String literal in pages/admin/AgentsDashboard.tsx,pages/admin/AgentsDashboard.tsx,needs_translation
korean_33fc10eb,6ìë¦¬ ìˆ«ì ì…ë ¥,,JSX attribute: placeholder in pages/admin/CreateSession.tsx,pages/admin/CreateSession.tsx; pages/customer/CustomerChat.tsx,needs_translation
korean_36b9757a,ìˆ˜ì •ë¨,,JSX text content in components/DiscussionTab.tsx,components/DiscussionTab.tsx,needs_translation
korean_36b9d3fb,ì‹ ê·œ ë„ì… ë¬¸ì˜,,String literal in components/ConsultationPurposeSelector.tsx,components/ConsultationPurposeSelector.tsx,needs_translation
korean_41c09c7e,ì„ íƒëœ ëª¨ë¸(,,JSX text content in components/AIAnalysisReport.tsx,components/AIAnalysisReport.tsx; components/MeetingLogView.tsx,needs_translation
korean_423c414d,ìƒˆë¡œê³ ì¹¨,,JSX text content in components/AIAnalysisReport.tsx,components/AIAnalysisReport.tsx; pages/admin/AgentsDashboard.tsx,needs_translation
korean_4788ffcd,ê¸°ë³¸ ì—ì´ì „íŠ¸ ì§€ì¹¨,,JSX text content in pages/admin/CreateAgent.tsx,pages/admin/CreateAgent.tsx; pages/admin/EditAgent.tsx,needs_translation
korean_485312b9,ì‚¬ìš© ê°€ëŠ¥í•œ ì—ì´ì „íŠ¸ ğŸ¤–,,JSX text content in pages/admin/CreateSession.tsx,pages/admin/CreateSession.tsx,needs_translation
korean_49462616,ê¸°ìˆ  ëª…ì„¸ì„œ,,JSX text content in components/FileUpload.tsx,components/FileUpload.tsx,needs_translation
korean_4950989c,ê°œ ì„ íƒë¨),,JSX text content in components/ConsultationPurposeSelector.tsx,components/ConsultationPurposeSelector.tsx,needs_translation
korean_50ea4ba0,"""ìˆ˜ì •"" ë²„íŠ¼ì„ í´ë¦­í•˜ì—¬ ì´ˆë„ë¯¸íŒ…ë¡ì„ ì‘ì„±í•´ë³´ì„¸ìš”.",,JSX text content in components/MeetingLogView.tsx,components/MeetingLogView.tsx,needs_translation
korean_514fcbcd,ì´ë©”ì¼:,,JSX text content in pages/customer/CustomerChat.tsx,pages/customer/CustomerChat.tsx,needs_translation
korean_55f994e0,í”Œë ˆì´ìŠ¤í™€ë” ì‚¬ì „,,JSX text content in components/PlaceholderTooltip.tsx,components/PlaceholderTooltip.tsx,needs_translation
korean_5b25d067,ìµœëŒ€ 5ë¶„ê¹Œì§€ ì†Œìš”ë  ìˆ˜ ìˆìŠµë‹ˆë‹¤. (,,JSX text content in components/AIAnalysisReport.tsx,components/AIAnalysisReport.tsx; components/MeetingLogView.tsx,needs_translation
korean_60c989b4,: ë¹„ì¦ˆë‹ˆìŠ¤ ìš”êµ¬ì‚¬í•­ ì œê³µ,,JSX text content in components/FileUpload.tsx,components/FileUpload.tsx,needs_translation
korean_63c7603c,ìš”ì•½ ë³´ê³ ì„œ,,JSX text content in components/AIAnalysisReport.tsx,components/AIAnalysisReport.tsx; components/MeetingLogView.tsx,needs_translation
korean_646f933d,ì´ë¯¸ì§€ ì¤€ë¹„,,JSX text content in components/ImageGallery.tsx,components/ImageGallery.tsx,needs_translation
korean_6c4b973d,ë¡œ ìˆëŠ”,,Template literal span in pages/customer/CustomerChat.tsx,pages/customer/CustomerChat.tsx,needs_translation
korean_6ccbc25b,ì  / 5ì ,,JSX text content in components/FeedbackModal.tsx,components/FeedbackModal.tsx,needs_translation
korean_6d4a44dd,ì„±ëŠ¥/ìš©ëŸ‰ ê³„íšì„œ,,JSX text content in components/FileUpload.tsx,components/FileUpload.tsx,needs_translation
korean_6d8bf33f,ë‹´ë‹¹ì ì •ë³´,,JSX text content in pages/customer/CustomerChat.tsx,pages/customer/CustomerChat.tsx,needs_translation
korean_75eccdd6,ì—ì´ì „íŠ¸ ìƒì„±,,JSX text content in pages/admin/AgentsDashboard.tsx,pages/admin/AgentsDashboard.tsx; pages/admin/CreateAgent.tsx; pages/admin/CreateSession.tsx,needs_translation
korean_780fce17,ì¶”ê°€ ë¬¸ì˜ì‚¬í•­ì´ ìˆìœ¼ì‹œë©´ ìœ„ ë‹´ë‹¹ìì—ê²Œ ì§ì ‘ ì—°ë½í•´ ì£¼ì„¸ìš”.,,JSX text content in pages/customer/CustomerChat.tsx,pages/customer/CustomerChat.tsx,needs_translation
korean_7dd04027,ëœë¤ ìƒì„±,,JSX text content in pages/admin/CreateSession.tsx,pages/admin/CreateSession.tsx,needs_translation
korean_84998217,í”¼ë“œë°±ì„ ì…ë ¥í•´ì£¼ì„¸ìš”...,,JSX attribute: placeholder in components/FeedbackModal.tsx,components/FeedbackModal.tsx,needs_translation
korean_850171d7,êµ¬í˜„ ë°©ì•ˆ,,JSX text content in components/AIAnalysisReport.tsx,components/AIAnalysisReport.tsx; components/MeetingLogView.tsx,needs_translation
korean_89d34ebd,ì„¸ì…˜ ì¶”ê°€,,JSX text content in pages/admin/AdminDashboard.tsx,pages/admin/AdminDashboard.tsx; pages/admin/CreateSession.tsx,needs_translation
korean_8a0dfb9c,ê´€ë ¨ì„±,,JSX text content in components/AIAnalysisReport.tsx,components/AIAnalysisReport.tsx; components/MeetingLogView.tsx,needs_translation
korean_8b077219,ì•„ì§ ì‘ì„±ëœ ëŒ“ê¸€ì´ ì—†ìŠµë‹ˆë‹¤. ì²« ë²ˆì§¸ ëŒ“ê¸€ì„ ì‘ì„±í•´ë³´ì„¸ìš”!,,JSX text content in components/DiscussionTab.tsx,components/DiscussionTab.tsx,needs_translation
korean_8bb6b000,: ê¸°ì¡´ ì‹œìŠ¤í…œ êµ¬ì„± ì •ë³´ ì œê³µ,,JSX text content in components/FileUpload.tsx,components/FileUpload.tsx,needs_translation
korean_8cbafb60,ê³ ê°ì´ ì•„ì§ í”¼ë“œë°±ì„ ì œì¶œí•˜ì§€ ì•Šì•˜ìŠµë‹ˆë‹¤.,,String literal in pages/admin/AdminSessionDetails.tsx,pages/admin/AdminSessionDetails.tsx,needs_translation
korean_926ad4a6,ì—°ë½ì²˜:,,JSX text content in pages/customer/CustomerChat.tsx,pages/customer/CustomerChat.tsx,needs_translation
korean_98670aac,ë‹´ë‹¹ì ì´ë¦„,,String literal in components/PlaceholderTooltip.tsx,components/PlaceholderTooltip.tsx,needs_translation
korean_988eb876,ìš”êµ¬ì‚¬í•­ ë¬¸ì„œ,,JSX text content in components/FileUpload.tsx,components/FileUpload.tsx,needs_translation
korean_9a9f5cbe,"| 
                  ì‚¬ìš© ëª¨ë¸:",,JSX text content in components/MeetingLogView.tsx,components/MeetingLogView.tsx,needs_translation
korean_9ab19a87,ë¡œê·¸ì•„ì›ƒ,,String literal in components/TopNavigation.tsx,components/TopNavigation.tsx,needs_translation
korean_9ab6848d,ë§Œì¡±ë„ ì ìˆ˜,,JSX text content in pages/admin/AdminSessionDetails.tsx,pages/admin/AdminSessionDetails.tsx,needs_translation
korean_9d6689cd,ì¶”ì²œ ì´ìœ ,,JSX text content in components/AIAnalysisReport.tsx,components/AIAnalysisReport.tsx; components/MeetingLogView.tsx,needs_translation
korean_a1d01821,íŒŒíŠ¸ë„ˆ ê´€ë ¨ ë¬¸ì˜,,String literal in components/ConsultationPurposeSelector.tsx,components/ConsultationPurposeSelector.tsx,needs_translation
korean_a2125d4a,ì¶”ê°€ í”¼ë“œë°± (ì„ íƒì‚¬í•­),,JSX attribute: label in components/FeedbackModal.tsx,components/FeedbackModal.tsx,needs_translation
korean_a2974c58,"ì—ì´ì „íŠ¸ ì§€ì¹¨ì—ì„œ ì‚¬ìš©í•  ìˆ˜ ìˆëŠ” í”Œë ˆì´ìŠ¤í™€ë”ë“¤ì…ë‹ˆë‹¤. 
              ê³ ê°ê³¼ì˜ ì±„íŒ…ì—ì„œ ì‹¤ì œ ê°’ìœ¼ë¡œ ìë™ ì¹˜í™˜ë©ë‹ˆë‹¤.",,JSX text content in components/PlaceholderTooltip.tsx,components/PlaceholderTooltip.tsx,needs_translation
korean_a47e2a04,ë™ì˜ ì™„ë£Œ,,JSX text content in pages/admin/AdminSessionDetails.tsx,pages/admin/AdminSessionDetails.tsx,needs_translation
korean_ab7b7914,ëŒ“ê¸€ ì‘ì„±,,JSX text content in components/DiscussionTab.tsx,components/DiscussionTab.tsx,needs_translation
korean_ac2fe411,ì„ íƒ ì™„ë£Œ (,,JSX text content in components/ConsultationPurposeSelector.tsx,components/ConsultationPurposeSelector.tsx,needs_translation
korean_b1f9a872,ì— ë™ì˜í•©ë‹ˆë‹¤. (í•„ìˆ˜),,JSX text content in pages/customer/CustomerChat.tsx,pages/customer/CustomerChat.tsx,needs_translation
korean_b94b561e,ì—ì´ì „íŠ¸ ìˆ˜ì •,,JSX text content in pages/admin/EditAgent.tsx,pages/admin/EditAgent.tsx,needs_translation
korean_bbcea42e,ëŒ€ì‹œë³´ë“œë¡œ,,JSX text content in pages/admin/AdminSessionDetails.tsx,pages/admin/AdminSessionDetails.tsx; pages/admin/CreateAgent.tsx; pages/admin/CreateSession.tsx; pages/admin/EditAgent.tsx,needs_translation
korean_bc32cf73,ëŒ€í™” ë‚´ì—­,,JSX text content in pages/admin/AdminSessionDetails.tsx,pages/admin/AdminSessionDetails.tsx,needs_translation
korean_be293b7a,ê°œì¸ì •ë³´ ì²˜ë¦¬ë°©ì¹¨,,String literal in components/PrivacyTermsModal.tsx,components/PrivacyTermsModal.tsx,needs_translation
korean_c971d2e6,ì´ë¯¸ì§€ ë¯¸ë¦¬ë³´ê¸°,,JSX text content in components/ImageGallery.tsx,components/ImageGallery.tsx,needs_translation
korean_cc5a7cf6,ì¼). ì—ì´ì „íŠ¸ë¥¼ ë‹¤ì‹œ ì¤€ë¹„í•´ì£¼ì„¸ìš”.,,Template literal span in pages/admin/AgentsDashboard.tsx,pages/admin/AgentsDashboard.tsx,needs_translation
korean_d15515d2,ì§€ëŠ¥í˜• ì±—ë´‡ ì–´ì‹œìŠ¤í„´íŠ¸ë¡œ ë¯¸íŒ… ì‚¬ì „ ì¤€ë¹„ë¥¼ ê°„ì†Œí™”í•´ ë³´ì„¸ìš”.,,JSX text content in components/WelcomeScreen.tsx,components/WelcomeScreen.tsx,needs_translation
korean_d4f71fac,í”„ë¡œí•„,,String literal in components/TopNavigation.tsx,components/TopNavigation.tsx,needs_translation
korean_d702023b,"ì´ë¼ í•©ë‹ˆë‹¤. 

ì´ë²ˆì—",,Template literal span in pages/customer/CustomerChat.tsx,pages/customer/CustomerChat.tsx,needs_translation
korean_de547500,í”¼ë“œë°± ì—†ìŒ,,JSX text content in pages/admin/AdminSessionDetails.tsx,pages/admin/AdminSessionDetails.tsx,needs_translation
korean_e0bb057d,ê´€ë ¨ ê³ ê° ì‚¬ë¡€ê°€ ìƒì„±ë˜ì§€ ì•Šì•˜ìŠµë‹ˆë‹¤.,,JSX text content in components/AIAnalysisReport.tsx,components/AIAnalysisReport.tsx; components/MeetingLogView.tsx,needs_translation
korean_e1a25d05,"| 
            ì‚¬ìš© ëª¨ë¸:",,JSX text content in components/AIAnalysisReport.tsx,components/AIAnalysisReport.tsx,needs_translation
korean_e4690f13,ê³ ê° ì˜ê²¬,,JSX text content in pages/admin/AdminSessionDetails.tsx,pages/admin/AdminSessionDetails.tsx,needs_translation
korean_e8806939,ê¸°íƒ€ ë¬¸ì˜,,String literal in components/ConsultationPurposeSelector.tsx,components/ConsultationPurposeSelector.tsx,needs_translation
korean_edb18dd1,ê°œì¸ì •ë³´ ë™ì˜,,JSX text content in pages/admin/AdminSessionDetails.tsx,pages/admin/AdminSessionDetails.tsx,needs_translation
korean_ef9bfc9c,ë¯¸íŒ…ë¡œê·¸ë¦¬í¬íŠ¸_,,Template literal head in components/MeetingLogView.tsx,components/MeetingLogView.tsx,needs_translation
korean_efb36209,ê¸°ìˆ  ì§€ì› ë¬¸ì˜,,String literal in components/ConsultationPurposeSelector.tsx,components/ConsultationPurposeSelector.tsx,needs_translation
korean_f3102cf1,ê³ ê°ì—ê²Œ ì „ë‹¬í•  ì •ë³´:,,JSX text content in pages/admin/CreateSession.tsx,pages/admin/CreateSession.tsx,needs_translation
korean_f36279c6,ë¯¸íŒ… ë¡œê·¸ê°€ ì—†ìŠµë‹ˆë‹¤,,JSX text content in components/MeetingLogView.tsx,components/MeetingLogView.tsx,needs_translation
korean_f43bcd49,ì´ˆë„ë¯¸íŒ…ë¡ ì‘ì„± (ë§ˆí¬ë‹¤ìš´ í˜•ì‹ ì§€ì›),,JSX text content in components/MeetingLogView.tsx,components/MeetingLogView.tsx,needs_translation
korean_f6b57027,ì—ì´ì „íŠ¸ ì´ë¦„,,JSX attribute: label in pages/admin/CreateAgent.tsx,pages/admin/CreateAgent.tsx; pages/admin/EditAgent.tsx,needs_translation
korean_fbaf9f99,ë¯¸ë™ì˜,,JSX text content in pages/admin/AdminSessionDetails.tsx,pages/admin/AdminSessionDetails.tsx,needs_translation
loading_057c3e17,ë‹¤ì‹œ ë‹¤ìš´ë¡œë“œ,,JSX text content in pages/admin/CreateSession.tsx,pages/admin/CreateSession.tsx,needs_translation
loading_0a4de75d,ì—…ë¡œë“œ ì¤‘...,,JSX text content in components/FileUpload.tsx,components/FileUpload.tsx,needs_translation
loading_154127e6,íŒŒì¼ ì—…ë¡œë“œê°€ í•„ìš”í•œ ì´ìœ ,,JSX text content in components/FileUpload.tsx,components/FileUpload.tsx,needs_translation
loading_3d28a7fc,íŒŒì¼ì„ ì—…ë¡œë“œí•˜ì—¬ ìƒë‹´ì— í•„ìš”í•œ ìë£Œë¥¼ ì œê³µí•´ ì£¼ì„¸ìš”.,,JSX text content in components/FileList.tsx,components/FileList.tsx; components/FileUpload.tsx,needs_translation
loading_5d37a8ec,ì—…ë¡œë“œëœ íŒŒì¼,,JSX text content in components/FileUpload.tsx,components/FileUpload.tsx; components/SessionAttachments.tsx,needs_translation
loading_612ca27b,ë‹¤ìš´ë¡œë“œ,,JSX text content in components/FileList.tsx,components/FileList.tsx,needs_translation
loading_agent_details,Loading agent details...,,JSX text content in pages/admin/EditAgent.tsx,pages/admin/EditAgent.tsx,needs_translation
loading_current_user,Loading current user...,,String literal in pages/admin/CreateSession.tsx,pages/admin/CreateSession.tsx,needs_translation
loading_ec6095c4,ì—…ë¡œë“œëœ íŒŒì¼ì´ ì—†ìŠµë‹ˆë‹¤,,JSX text content in components/FileList.tsx,components/FileList.tsx; components/FileUpload.tsx,needs_translation
memory_mixed_407778,Memory í™œì„±í™”,,String literal in pages/admin/AgentsDashboard.tsx,pages/admin/AgentsDashboard.tsx,needs_translation
memory_mixed_79ef3b,Memoryê°€ ì„±ê³µì ìœ¼ë¡œ í™œì„±í™”ë˜ì—ˆìŠµë‹ˆë‹¤ (,,Template literal head in pages/admin/AgentsDashboard.tsx,pages/admin/AgentsDashboard.tsx,needs_translation
memory_mixed_ac75ee,ì—ì´ì „íŠ¸ì˜ Memory ê¸°ëŠ¥ì„ í™œì„±í™”í•˜ì—¬ ëŒ€í™” ë§¥ë½ì„ ìœ ì§€í•  ìˆ˜ ìˆìŠµë‹ˆë‹¤.,,JSX text content in pages/admin/AgentsDashboard.tsx,pages/admin/AgentsDashboard.tsx,needs_translation
memory_mixed_d4032b,Memory í™œì„±í™”ì— ì‹¤íŒ¨í–ˆìŠµë‹ˆë‹¤.,,String literal in pages/admin/AgentsDashboard.tsx,pages/admin/AgentsDashboard.tsx,needs_translation
memory_storage_days,Memory Storage Days,,JSX attribute: label in pages/admin/AgentsDashboard.tsx,pages/admin/AgentsDashboard.tsx; pages/admin/CreateAgent.tsx; pages/admin/EditAgent.tsx,needs_translation
message_copied,Message copied,,JSX text content in components/ChatMessage.tsx,components/ChatMessage.tsx; components/StreamingChatMessage.tsx,needs_translation
mit_0_license,MIT-0 License,,JSX text content in components/Layout.tsx,components/Layout.tsx,needs_translation
need_mixed_b69ac1,Need (í•„ìš”ì„±),,JSX text content in components/AIAnalysisReport.tsx,components/AIAnalysisReport.tsx; components/MeetingLogView.tsx,needs_translation
no_agents,No agents,,JSX text content in pages/admin/AgentsDashboard.tsx,pages/admin/AgentsDashboard.tsx; pages/admin/CreateSession.tsx,needs_translation
no_bedrock_agents_found,No Bedrock agents found.,,JSX text content in pages/admin/AgentsDashboard.tsx,pages/admin/AgentsDashboard.tsx; pages/admin/CreateSession.tsx,needs_translation
no_messages_yet,No messages yet,,JSX text content in pages/admin/AdminSessionDetails.tsx,pages/admin/AdminSessionDetails.tsx,needs_translation
no_pre_consultation_sessions_found,No pre-consultation sessions found.,,JSX text content in pages/admin/AdminDashboard.tsx,pages/admin/AdminDashboard.tsx,needs_translation
no_sessions,No sessions,,JSX text content in pages/admin/AdminDashboard.tsx,pages/admin/AdminDashboard.tsx,needs_translation
not_helpful,Not helpful,,String literal in components/ChatMessage.tsx,components/ChatMessage.tsx; components/StreamingChatMessage.tsx,needs_translation
not_prepared,Not Prepared,,JSX text content in components/StatusBadge.tsx,components/StatusBadge.tsx; pages/admin/AgentsDashboard.tsx,needs_translation
password,Password,,JSX attribute: label in pages/auth/Login.tsx,pages/auth/Login.tsx,needs_translation
phone_number,Phone Number,,JSX attribute: label in pages/auth/Login.tsx,pages/auth/Login.tsx,needs_translation
pin_mixed_56d5a8,PIN ë²ˆí˜¸,,JSX text content in pages/admin/AdminSessionDetails.tsx,pages/admin/AdminSessionDetails.tsx; pages/customer/CustomerChat.tsx,needs_translation
pin_mixed_c7c99f,PIN ì •ë³´ëŠ” ì˜ì—… ë‹´ë‹¹(,,Template literal head in pages/admin/AdminDashboard.tsx,pages/admin/AdminDashboard.tsx,needs_translation
pin_mixed_ec350f,PIN ë²ˆí˜¸:,,JSX text content in pages/admin/CreateSession.tsx,pages/admin/CreateSession.tsx,needs_translation
please_check_your_email_and_enter_the_co,Please check your email and enter the confirmation code below.,,JSX text content in pages/auth/Login.tsx,pages/auth/Login.tsx,needs_translation
prechat_agent_mixed_73318e,ìƒˆë¡œìš´ PreChat Agent ë¥¼ ë“±ë¡í•©ë‹ˆë‹¤ ğŸ¤–,,JSX text content in pages/admin/CreateAgent.tsx,pages/admin/CreateAgent.tsx,needs_translation
prechat_mixed_2f5118,PreChat ì—ì´ì „íŠ¸ë¥¼ ìˆ˜ì •í•©ë‹ˆë‹¤ ğŸ¤–,,JSX text content in pages/admin/EditAgent.tsx,pages/admin/EditAgent.tsx,needs_translation
prechat_mixed_312687,PreChat ì„¸ì…˜,,JSX text content in pages/admin/AgentsDashboard.tsx,pages/admin/AgentsDashboard.tsx,needs_translation
prechat_mixed_4991e7,PreChat ì—ê²Œ ê³ ë¯¼ì„ ë§ì”€í•´ ë³´ì„¸ìš”.,,JSX text content in pages/customer/CustomerChat.tsx,pages/customer/CustomerChat.tsx,needs_translation
prechat_mixed_4f8d6d,PreChat ì—ì´ì „íŠ¸ ğŸ¤–,,JSX text content in pages/admin/AgentsDashboard.tsx,pages/admin/AgentsDashboard.tsx,needs_translation
prechat_mixed_6c3c9d,PreChat ì„¸ì…˜ ğŸ’¬,,JSX text content in pages/admin/AdminDashboard.tsx,pages/admin/AdminDashboard.tsx,needs_translation
prechat_mixed_89992d,âœ¨ PreChatì— ì˜¤ì‹  ê²ƒì„ í™˜ì˜í•©ë‹ˆë‹¤!,,JSX text content in components/Layout.tsx,components/Layout.tsx,needs_translation
prechat_mixed_ee3bbd,ì™€ ê´€ë ¨í•˜ì—¬ ì‚¬ì „ì— ë…¼ì˜í•  ë‚´ìš©ê³¼ ê¸°ëŒ€ì‚¬í•­ì„ ê³µìœ ë“œë¦¬ê¸° ìœ„í•´ PreChat ì‚¬ì „ì±„íŒ…ì— ì°¸ê°€í•˜ì˜€ìŠµë‹ˆë‹¤!,,Template literal span in pages/customer/CustomerChat.tsx,pages/customer/CustomerChat.tsx,needs_translation
prechat_mixed_f5ae5c,PreChat ì—ì´ì „íŠ¸,,JSX text content in pages/admin/AdminDashboard.tsx,pages/admin/AdminDashboard.tsx,needs_translation
prepared,Prepared,,JSX text content in components/StatusBadge.tsx,components/StatusBadge.tsx; pages/admin/AgentsDashboard.tsx,needs_translation
preparing,Preparing,,JSX text content in components/StatusBadge.tsx,components/StatusBadge.tsx; pages/admin/AgentsDashboard.tsx,needs_translation
privacy,Privacy,,JSX text content in components/Layout.tsx,components/Layout.tsx,needs_translation
result_a4f1ffb1,ë¶„ì„ ê²°ê³¼ë¥¼ ë¶ˆëŸ¬ì˜¤ëŠ” ì¤‘...,,JSX text content in components/AIAnalysisReport.tsx,components/AIAnalysisReport.tsx,needs_translation
result_ba11502e,ë¶„ì„ ê²°ê³¼ê°€ ì—†ìŠµë‹ˆë‹¤,,JSX text content in components/AIAnalysisReport.tsx,components/AIAnalysisReport.tsx; components/MeetingLogView.tsx,needs_translation
sales_rep,Sales Rep,,JSX text content in pages/admin/AdminSessionDetails.tsx,pages/admin/AdminSessionDetails.tsx,needs_translation
sales_representative_access,Sales Representative Access,,JSX text content in pages/auth/Login.tsx,pages/auth/Login.tsx,needs_translation
sales_representative_email,Sales Representative Email,,JSX attribute: label in pages/admin/CreateSession.tsx,pages/admin/CreateSession.tsx,needs_translation
save_da1f7e7f,ë¯¸íŒ… ë¡œê·¸ê°€ ì„±ê³µì ìœ¼ë¡œ ì €ì¥ë˜ì—ˆìŠµë‹ˆë‹¤.,,JSX text content in components/MeetingLogView.tsx,components/MeetingLogView.tsx,needs_translation
select_a_foundation_model,Select a foundation model,,JSX attribute: placeholder in pages/admin/CreateAgent.tsx,pages/admin/CreateAgent.tsx; pages/admin/EditAgent.tsx,needs_translation
select_agent,Select Agent,,JSX attribute: label in pages/admin/CreateSession.tsx,pages/admin/CreateSession.tsx,needs_translation
select_an_agent,Select an agent,,JSX attribute: placeholder in pages/admin/CreateSession.tsx,pages/admin/CreateSession.tsx,needs_translation
service_b88abd5d,ì„œë¹„ìŠ¤ ì´ìš©ì•½ê´€,,String literal in components/PrivacyTermsModal.tsx,components/PrivacyTermsModal.tsx,needs_translation
service_bece43ab,ê°œì¸ì •ë³´ ì²˜ë¦¬ë°©ì¹¨ ë° ì„œë¹„ìŠ¤ ì´ìš©ì•½ê´€,,JSX text content in components/PrivacyTermsModal.tsx,components/PrivacyTermsModal.tsx; pages/customer/CustomerChat.tsx,needs_translation
sign_in,Sign In,,String literal in pages/auth/Login.tsx,pages/auth/Login.tsx,needs_translation
sign_up,Sign Up,,String literal in pages/auth/Login.tsx,pages/auth/Login.tsx,needs_translation
status,Status,,JSX text content in pages/admin/AdminSessionDetails.tsx,pages/admin/AdminSessionDetails.tsx,needs_translation
status_mixed_719b2f,íŒŒì¼ ì—…ë¡œë“œ ì¤‘ ì˜¤ë¥˜ê°€ ë°œìƒí–ˆìŠµë‹ˆë‹¤. (Status:,,Template literal head in components/FileUpload.tsx,components/FileUpload.tsx,needs_translation
storage_days,Storage Days,,JSX text content in pages/admin/AgentsDashboard.tsx,pages/admin/AgentsDashboard.tsx,needs_translation
support,Support,,JSX text content in components/Layout.tsx,components/Layout.tsx,needs_translation
terms,Terms,,JSX text content in components/Layout.tsx,components/Layout.tsx,needs_translation
text_06723de2ceac,Enter customer title/position,,JSX attribute: placeholder in pages/admin/CreateSession.tsx,pages/admin/CreateSession.tsx,needs_translation
text_13e0647bd592,"â€¢
                              Stage:",,JSX text content in pages/admin/AdminSessionDetails.tsx,pages/admin/AdminSessionDetails.tsx,needs_translation
text_18b2be76a0b9,âœ… Next steps will be shared via email within 24 hours.,,Template literal span in hooks/useChat.ts,hooks/useChat.ts,needs_translation
text_2024_01_15_14_00_aws_mixed_9a58be,"ë¯¸íŒ… ë‚´ìš©ì„ ììœ ë¡­ê²Œ ì‘ì„±í•´ì£¼ì„¸ìš”. ë§ˆí¬ë‹¤ìš´ í˜•ì‹ì„ ì‚¬ìš©í•  ìˆ˜ ìˆìŠµë‹ˆë‹¤.

ì˜ˆì‹œ:
## ë¯¸íŒ… ê°œìš”
- ì¼ì‹œ: 2024-01-15 14:00
- ì°¸ì„ì: í™ê¸¸ë™ (ê³ ê°), ê¹€ì˜í¬ (AWS)

## ì£¼ìš” ë…¼ì˜ì‚¬í•­
1. í´ë¼ìš°ë“œ ë§ˆì´ê·¸ë ˆì´ì…˜ ê³„íš
2. ì˜ˆìƒ ë¹„ìš© ë° ì¼ì •
3. ê¸°ìˆ ì  ìš”êµ¬ì‚¬í•­

## ì•¡ì…˜ ì•„ì´í…œ
- [ ] POC ì œì•ˆì„œ ì‘ì„±
- [ ] ê¸°ìˆ  ê²€í†  ë¯¸íŒ… ì¼ì • ì¡°ìœ¨",,JSX attribute: placeholder in components/MeetingLogView.tsx,components/MeetingLogView.tsx,needs_translation
text_2a2a324df45c,AWSPreChat_,,Template literal head in utils/csvExport.ts,utils/csvExport.ts,needs_translation
text_2d887157ce6f,/i18n/locales/,,Template literal head in i18n/TranslationManager.ts,i18n/TranslationManager.ts,needs_translation
text_2px_dashed,2px dashed,,Template literal head in components/FileUpload.tsx,components/FileUpload.tsx,needs_translation
text_50mb_pdf_office_mixed_8cbfa2,"ìµœëŒ€ 50MB â€¢ ì´ë¯¸ì§€, PDF, Office ë¬¸ì„œ, í…ìŠ¤íŠ¸ íŒŒì¼ ì§€ì›",,JSX text content in components/FileUpload.tsx,components/FileUpload.tsx,needs_translation
text_5732a8080e69,ConsultationPurposes_,,Template literal head in utils/sessionStorage.ts,utils/sessionStorage.ts,needs_translation
text_6_pin_mixed_07511a,6ìë¦¬ PIN ë²ˆí˜¸,,JSX attribute: label in pages/admin/CreateSession.tsx,pages/admin/CreateSession.tsx,needs_translation
text_6_pin_mixed_1d6166,ì˜ì—… ë‹´ë‹¹ìë¡œë¶€í„° ë°›ì€ 6ìë¦¬ PIN ë²ˆí˜¸ë¥¼ ì…ë ¥í•´ì£¼ì„¸ìš”.,,JSX text content in pages/customer/CustomerChat.tsx,pages/customer/CustomerChat.tsx,needs_translation
text_8c014e8cd52c,Agent:,,Template literal head in pages/admin/AdminDashboard.tsx,pages/admin/AdminDashboard.tsx,needs_translation
text_95ebdf49c2cb,: missing required columns,,Template literal span in i18n/TranslationManager.ts,i18n/TranslationManager.ts,needs_translation
text_aaa65816241e,| PIN:,,Template literal span in pages/admin/CreateSession.tsx,pages/admin/CreateSession.tsx,needs_translation
text_cdfd006442c8,csrf_,,Template literal head in services/api.ts,services/api.ts; utils/sessionStorage.ts,needs_translation
text_d0481e643d75,Session created successfully! URL:,,Template literal head in pages/admin/CreateSession.tsx,pages/admin/CreateSession.tsx,needs_translation
text_d7d32746c65c,"ğŸ¯ **Consultation Complete!**

Your AWS sales representative will contact you:

ğŸ‘¤ **",,Template literal head in hooks/useChat.ts,hooks/useChat.ts,needs_translation
text_da12aff3dfb7,_session_url.csv,,Template literal span in utils/csvExport.ts,utils/csvExport.ts,needs_translation
text_e0f0b0564d3d,ID:,,JSX text content in pages/admin/AgentsDashboard.tsx,pages/admin/AgentsDashboard.tsx; pages/admin/CreateSession.tsx,needs_translation
text_f4dcaf69eaf9,PrivacyConsent_,,Template literal head in utils/sessionStorage.ts,utils/sessionStorage.ts,needs_translation
this_agent_is_currently_prepared_and_dep,This agent is currently prepared and deployed. Updating it will require re-preparing the agent after changes are saved.,,JSX text content in pages/admin/EditAgent.tsx,pages/admin/EditAgent.tsx,needs_translation
this_work_is_licensed_under_the,This work is licensed under the,,JSX text content in components/Layout.tsx,components/Layout.tsx,needs_translation
timeline_mixed_f7ee2d,Timeline (ì¼ì •),,JSX text content in components/AIAnalysisReport.tsx,components/AIAnalysisReport.tsx; components/MeetingLogView.tsx,needs_translation
unknown,Unknown,,String literal in pages/admin/AdminSessionDetails.tsx,pages/admin/AdminSessionDetails.tsx,needs_translation
updated_successfully,""" updated successfully!",,Template literal span in pages/admin/EditAgent.tsx,pages/admin/EditAgent.tsx,needs_translation
updating,Updating,,JSX text content in components/StatusBadge.tsx,components/StatusBadge.tsx; pages/admin/AgentsDashboard.tsx,needs_translation
url_mixed_d044c6,ì±„íŒ… URL:,,JSX text content in pages/admin/CreateSession.tsx,pages/admin/CreateSession.tsx,needs_translation
you_at,You at,,Template literal head in components/ChatMessage.tsx,components/ChatMessage.tsx,needs_translation